id_pedido,data_pedido,id_cliente,categoria_produto,regiao,quantidade,preco_unitario,desconto,metodo_pagamento,dias_entrega,avaliacao_cliente,receita,receita_bruta
10001,2022-01-01,1102,Beleza,Sul,7,373.65,0.28,Carteira digital,10,4.7,1883.2,2615.5499999999997
10002,2022-01-02,1435,Roupas,Sul,7,47.74,0.09,Cartão,6,3.9,304.1,334.18
10003,2022-01-03,1860,Beleza,Leste,3,311.28,0.31,Pagamento na entrega,6,2.5,644.35,933.8399999999999
10004,2022-01-04,1270,Eletrônicos,Oeste,5,524.47,0.02,Carteira digital,6,1.6,2569.9,2622.3500000000004
10005,2022-01-05,1106,Roupas,Oeste,5,139.87,0.33,Carteira digital,4,4.9,468.56,699.35
10006,2022-01-06,1071,Eletrônicos,Oeste,2,264.44,0.2,Cartão,3,3.3,423.1,528.88
10007,2022-01-07,1700,Roupas,Sul,6,564.6,0.23,Cartão,1,1.8,2608.45,3387.6000000000004
10008,2022-01-08,1020,Beleza,Norte,6,265.71,0.13,Cartão,2,3.7,1387.01,1594.2599999999998
10009,2022-01-09,1614,Roupas,Sul,6,224.65,0.27,Cartão,2,1.4,983.97,1347.9
10010,2022-01-10,1121,Roupas,Oeste,4,272.71,0.06,Cartão,10,4.5,1025.39,1090.84
10011,2022-01-11,1466,Roupas,Oeste,6,318.88,0.02,Pagamento na entrega,7,1.4,1875.01,1913.28
10012,2022-01-12,1214,Eletrônicos,Oeste,3,384.71,0.14,Pagamento na entrega,11,1.9,992.55,1154.1299999999999
10013,2022-01-13,1330,Beleza,Sul,7,483.41,0.3,Pagamento na entrega,6,1.4,2368.71,3383.8700000000003
10014,2022-01-14,1458,Roupas,Oeste,7,279.48,0.26,Pagamento na entrega,8,1.4,1447.71,1956.3600000000001
10015,2022-01-15,1087,Roupas,Leste,4,493.23,0.18,Cartão,9,3.1,1617.79,1972.92
10016,2022-01-16,1372,Roupas,Oeste,2,327.23,0.2,Carteira digital,5,3.7,523.57,654.46
10017,2022-01-17,1099,Roupas,Norte,3,213.01,0.05,Carteira digital,11,4.2,607.08,639.03
10018,2022-01-18,1871,Eletrônicos,Leste,7,399.9,0.29,Pagamento na entrega,3,3.8,1987.5,2799.2999999999997
10019,2022-01-19,1663,Casa,Oeste,3,434.87,0.28,Carteira digital,4,2.5,939.32,1304.6100000000001
10020,2022-01-20,1130,Eletrônicos,Leste,7,341.46,0.23,Cartão,11,3.2,1840.47,2390.22
10021,2022-01-21,1661,Casa,Oeste,1,48.12,0.16,Pagamento na entrega,8,4.7,40.42,48.12
10022,2022-01-22,1308,Casa,Norte,2,114.38,0.34,Cartão,3,2.6,150.98,228.76
10023,2022-01-23,1769,Casa,Oeste,2,181.9,0.31,Cartão,2,2.0,251.02,363.8
10024,2022-01-24,1343,Roupas,Leste,1,180.34,0.23,Cartão,7,3.1,138.86,180.34
10025,2022-01-25,1491,Roupas,Norte,4,408.95,0.13,Pagamento na entrega,4,2.2,1423.15,1635.8
10026,2022-01-26,1413,Eletrônicos,Sul,7,25.73,0.22,Cartão,8,2.0,140.49,180.11
10027,2022-01-27,1805,Casa,Norte,7,457.07,0.2,Pagamento na entrega,1,4.1,2559.59,3199.49
10028,2022-01-28,1385,Eletrônicos,Norte,7,170.23,0.14,Cartão,8,4.6,1024.78,1191.61
10029,2022-01-29,1191,Roupas,Norte,6,196.36,0.11,Carteira digital,5,3.0,1048.56,1178.16
10030,2022-01-30,1955,Eletrônicos,Leste,6,323.83,0.14,Pagamento na entrega,2,4.1,1670.96,1942.98
10031,2022-01-31,1276,Eletrônicos,Norte,6,141.32,0.2,Cartão,1,1.7,678.34,847.92
10032,2022-02-01,1160,Roupas,Oeste,6,532.42,0.15,Cartão,6,3.2,2715.34,3194.5199999999995
10033,2022-02-02,1459,Eletrônicos,Norte,6,64.94,0.09,Carteira digital,9,3.5,354.57,389.64
10034,2022-02-03,1313,Casa,Norte,1,274.96,0.27,Cartão,9,3.0,200.72,274.96
10035,2022-02-04,1021,Eletrônicos,Oeste,2,511.91,0.19,Pagamento na entrega,9,1.5,829.29,1023.82
10036,2022-02-05,1252,Eletrônicos,Oeste,4,375.27,0.02,Pagamento na entrega,11,3.9,1471.06,1501.08
10037,2022-02-06,1747,Roupas,Sul,3,186.01,0.13,Cartão,4,4.4,485.49,558.03
10038,2022-02-07,1856,Eletrônicos,Norte,6,261.14,0.31,Cartão,6,3.5,1081.12,1566.84
10039,2022-02-08,1560,Eletrônicos,Leste,1,428.42,0.26,Pagamento na entrega,10,1.7,317.03,428.42
10040,2022-02-09,1474,Casa,Norte,7,584.36,0.11,Cartão,6,1.3,3640.56,4090.52
10041,2022-02-10,1058,Eletrônicos,Norte,4,537.49,0.33,Cartão,5,2.2,1440.47,2149.96
10042,2022-02-11,1510,Casa,Oeste,4,215.32,0.03,Cartão,2,1.1,835.44,861.28
10043,2022-02-12,1681,Eletrônicos,Sul,4,598.95,0.34,Cartão,7,4.4,1581.23,2395.8
10044,2022-02-13,1475,Eletrônicos,Norte,1,17.05,0.09,Cartão,1,3.8,15.52,17.05
10045,2022-02-14,1699,Casa,Leste,3,31.16,0.0,Carteira digital,6,3.3,93.48,93.48
10046,2022-02-15,1975,Eletrônicos,Norte,6,496.95,0.15,Pagamento na entrega,5,4.6,2534.44,2981.7
10047,2022-02-16,1782,Eletrônicos,Leste,4,131.69,0.13,Pagamento na entrega,5,1.4,458.28,526.76
10048,2022-02-17,1189,Roupas,Oeste,1,50.55,0.19,Cartão,8,3.9,40.95,50.55
10049,2022-02-18,1957,Eletrônicos,Sul,7,153.73,0.28,Cartão,9,1.6,774.8,1076.11
10050,2022-02-19,1686,Casa,Norte,2,264.27,0.29,Carteira digital,7,1.2,375.26,528.54
10051,2022-02-20,1957,Eletrônicos,Sul,7,442.38,0.14,Pagamento na entrega,10,1.5,2663.13,3096.66
10052,2022-02-21,1562,Casa,Norte,1,380.24,0.15,Cartão,8,4.8,323.2,380.24
10053,2022-02-22,1875,Beleza,Leste,1,154.01,0.05,Cartão,2,2.8,146.31,154.01
10054,2022-02-23,1566,Roupas,Sul,1,309.41,0.02,Pagamento na entrega,2,1.2,303.22,309.41
10055,2022-02-24,1243,Beleza,Norte,4,556.84,0.22,Carteira digital,8,3.3,1737.34,2227.36
10056,2022-02-25,1831,Roupas,Oeste,1,491.78,0.02,Cartão,6,1.8,481.94,491.78
10057,2022-02-26,1504,Beleza,Leste,2,204.07,0.26,Pagamento na entrega,8,1.0,302.02,408.14
10058,2022-02-27,1130,Eletrônicos,Sul,4,589.62,0.19,Pagamento na entrega,9,4.0,1910.37,2358.48
10059,2022-02-28,1484,Casa,Norte,7,429.54,0.07,Carteira digital,9,1.6,2796.31,3006.78
10060,2022-03-01,1818,Roupas,Sul,2,51.53,0.19,Carteira digital,11,4.8,83.48,103.06
10061,2022-03-02,1646,Roupas,Norte,5,35.57,0.06,Cartão,6,3.4,167.18,177.85
10062,2022-03-03,1020,Roupas,Leste,7,113.52,0.15,Pagamento na entrega,8,1.3,675.44,794.64
10063,2022-03-04,1840,Casa,Oeste,1,440.8,0.28,Pagamento na entrega,2,1.9,317.38,440.8
10064,2022-03-05,1166,Eletrônicos,Leste,6,122.49,0.16,Pagamento na entrega,8,3.4,617.35,734.9399999999999
10065,2022-03-06,1273,Eletrônicos,Sul,6,314.22,0.05,Carteira digital,3,2.4,1791.05,1885.3200000000002
10066,2022-03-07,1387,Casa,Sul,4,69.56,0.25,Carteira digital,1,3.1,208.68,278.24
10067,2022-03-08,1600,Casa,Norte,6,553.72,0.07,Cartão,7,4.2,3089.76,3322.32
10068,2022-03-09,1315,Beleza,Leste,7,216.22,0.26,Cartão,1,4.2,1120.02,1513.54
10069,2022-03-10,1013,Casa,Norte,4,546.26,0.17,Pagamento na entrega,11,3.8,1813.58,2185.04
10070,2022-03-11,1241,Beleza,Leste,7,567.75,0.16,Cartão,1,4.5,3338.37,3974.25
10071,2022-03-12,1776,Casa,Sul,1,18.59,0.3,Cartão,1,1.8,13.01,18.59
10072,2022-03-13,1345,Eletrônicos,Norte,3,286.52,0.25,Cartão,4,1.7,644.67,859.56
10073,2022-03-14,1564,Eletrônicos,Norte,3,29.42,0.01,Carteira digital,4,4.2,87.38,88.26
10074,2022-03-15,1897,Casa,Leste,2,546.59,0.1,Cartão,10,2.3,983.86,1093.18
10075,2022-03-16,1339,Roupas,Oeste,1,318.27,0.3,Pagamento na entrega,11,3.0,222.79,318.27
10076,2022-03-17,1091,Eletrônicos,Leste,6,58.84,0.01,Cartão,6,4.0,349.51,353.04
10077,2022-03-18,1366,Roupas,Oeste,1,79.51,0.19,Cartão,10,2.6,64.4,79.51
10078,2022-03-19,1955,Beleza,Leste,5,239.35,0.25,Cartão,3,1.5,897.56,1196.75
10079,2022-03-20,1454,Roupas,Sul,3,565.04,0.22,Cartão,10,3.7,1322.19,1695.12
10080,2022-03-21,1427,Roupas,Norte,6,420.35,0.27,Carteira digital,6,4.3,1841.13,2522.1000000000004
10081,2022-03-22,1508,Roupas,Leste,7,522.56,0.25,Carteira digital,7,1.1,2743.44,3657.9199999999996
10082,2022-03-23,1775,Eletrônicos,Sul,7,229.38,0.24,Pagamento na entrega,11,3.3,1220.3,1605.6599999999999
10083,2022-03-24,1942,Roupas,Leste,3,40.28,0.29,Cartão,1,2.9,85.8,120.84
10084,2022-03-25,1034,Roupas,Norte,1,584.98,0.23,Pagamento na entrega,6,2.0,450.43,584.98
10085,2022-03-26,1205,Eletrônicos,Leste,6,25.05,0.14,Cartão,10,1.6,129.26,150.3
10086,2022-03-27,1080,Casa,Oeste,2,569.38,0.17,Cartão,1,1.8,945.17,1138.76
10087,2022-03-28,1931,Roupas,Norte,7,230.68,0.25,Pagamento na entrega,7,3.9,1211.07,1614.76
10088,2022-03-29,1561,Casa,Oeste,1,20.9,0.31,Pagamento na entrega,10,3.1,14.42,20.9
10089,2022-03-30,1871,Beleza,Sul,2,418.16,0.1,Cartão,5,4.9,752.69,836.32
10090,2022-03-31,1387,Eletrônicos,Sul,6,588.62,0.12,Cartão,10,2.0,3107.91,3531.7200000000003
10091,2022-04-01,1001,Casa,Leste,3,579.89,0.33,Carteira digital,4,4.8,1165.58,1739.67
10092,2022-04-02,1389,Roupas,Oeste,5,109.15,0.2,Cartão,1,3.1,436.6,545.75
10093,2022-04-03,1565,Beleza,Oeste,4,121.03,0.06,Carteira digital,9,1.6,455.07,484.12
10094,2022-04-04,1105,Eletrônicos,Norte,3,345.84,0.23,Carteira digital,7,1.6,798.89,1037.52
10095,2022-04-05,1771,Casa,Oeste,2,387.82,0.35,Pagamento na entrega,2,3.4,504.17,775.64
10096,2022-04-06,1821,Roupas,Oeste,1,447.56,0.29,Cartão,4,4.3,317.77,447.56
10097,2022-04-07,1476,Eletrônicos,Norte,7,120.91,0.26,Pagamento na entrega,4,4.0,626.31,846.37
10098,2022-04-08,1702,Eletrônicos,Norte,6,576.02,0.07,Cartão,8,3.6,3214.19,3456.12
10099,2022-04-09,1401,Casa,Oeste,3,388.66,0.31,Cartão,2,1.7,804.53,1165.98
10100,2022-04-10,1729,Casa,Leste,7,510.52,0.18,Pagamento na entrega,11,1.4,2930.38,3573.64
10101,2022-04-11,1555,Eletrônicos,Norte,7,330.94,0.31,Cartão,5,1.0,1598.44,2316.58
10102,2022-04-12,1161,Roupas,Norte,5,257.35,0.12,Cartão,10,1.4,1132.34,1286.75
10103,2022-04-13,1201,Roupas,Oeste,6,586.65,0.02,Pagamento na entrega,8,4.1,3449.5,3519.8999999999996
10104,2022-04-14,1957,Casa,Oeste,2,355.54,0.17,Pagamento na entrega,6,4.6,590.2,711.08
10105,2022-04-15,1995,Eletrônicos,Norte,6,522.12,0.09,Cartão,4,2.0,2850.78,3132.7200000000003
10106,2022-04-16,1269,Beleza,Oeste,6,572.68,0.25,Cartão,5,4.2,2577.06,3436.08
10107,2022-04-17,1862,Eletrônicos,Norte,1,410.08,0.33,Cartão,2,1.8,274.75,410.08
10108,2022-04-18,1815,Roupas,Leste,4,336.13,0.24,Cartão,5,2.0,1021.84,1344.52
10109,2022-04-19,1270,Eletrônicos,Leste,7,17.05,0.31,Pagamento na entrega,3,1.9,82.35,119.35000000000001
10110,2022-04-20,1455,Eletrônicos,Norte,2,38.41,0.16,Pagamento na entrega,3,1.2,64.53,76.82
10111,2022-04-21,1461,Roupas,Norte,1,132.5,0.27,Pagamento na entrega,7,1.8,96.72,132.5
10112,2022-04-22,1726,Eletrônicos,Sul,7,123.81,0.3,Cartão,3,2.5,606.67,866.6700000000001
10113,2022-04-23,1251,Casa,Sul,4,164.03,0.25,Cartão,4,2.6,492.09,656.12
10114,2022-04-24,1701,Eletrônicos,Oeste,1,193.39,0.18,Cartão,7,2.2,158.58,193.39
10115,2022-04-25,1295,Roupas,Oeste,4,225.64,0.22,Cartão,3,3.1,704.0,902.56
10116,2022-04-26,1724,Eletrônicos,Norte,4,261.01,0.25,Cartão,10,2.5,783.03,1044.04
10117,2022-04-27,1719,Eletrônicos,Norte,4,72.84,0.09,Cartão,10,4.9,265.14,291.36
10118,2022-04-28,1748,Eletrônicos,Sul,1,39.78,0.28,Cartão,2,4.2,28.64,39.78
10119,2022-04-29,1337,Roupas,Sul,6,409.26,0.33,Pagamento na entrega,10,4.7,1645.23,2455.56
10120,2022-04-30,1878,Roupas,Norte,4,329.34,0.16,Pagamento na entrega,7,3.2,1106.58,1317.36
10121,2022-05-01,1052,Roupas,Leste,6,274.82,0.25,Pagamento na entrega,5,3.7,1236.69,1648.92
10122,2022-05-02,1791,Roupas,Leste,7,386.15,0.26,Cartão,1,1.7,2000.26,2703.0499999999997
10123,2022-05-03,1921,Roupas,Oeste,7,499.19,0.23,Carteira digital,10,4.0,2690.63,3494.33
10124,2022-05-04,1216,Eletrônicos,Norte,2,265.2,0.19,Carteira digital,8,1.9,429.62,530.4
10125,2022-05-05,1763,Roupas,Norte,5,390.05,0.31,Cartão,3,1.6,1345.67,1950.25
10126,2022-05-06,1187,Beleza,Oeste,6,572.84,0.16,Pagamento na entrega,11,1.2,2887.11,3437.04
10127,2022-05-07,1379,Roupas,Sul,7,506.18,0.02,Carteira digital,7,2.9,3472.39,3543.26
10128,2022-05-08,1492,Casa,Sul,5,264.21,0.3,Pagamento na entrega,6,2.1,924.73,1321.05
10129,2022-05-09,1040,Eletrônicos,Leste,4,392.16,0.24,Cartão,10,4.9,1192.17,1568.64
10130,2022-05-10,1156,Casa,Norte,5,118.59,0.3,Pagamento na entrega,6,2.0,415.06,592.95
10131,2022-05-11,1014,Casa,Sul,5,342.91,0.05,Pagamento na entrega,8,4.5,1628.82,1714.5500000000002
10132,2022-05-12,1812,Roupas,Leste,4,589.08,0.01,Cartão,4,2.3,2332.76,2356.32
10133,2022-05-13,1064,Beleza,Leste,6,318.21,0.33,Carteira digital,4,4.0,1279.2,1909.2599999999998
10134,2022-05-14,1856,Eletrônicos,Leste,4,557.67,0.05,Pagamento na entrega,3,3.6,2119.15,2230.68
10135,2022-05-15,1838,Eletrônicos,Sul,2,253.29,0.28,Cartão,1,3.2,364.74,506.58
10136,2022-05-16,1520,Casa,Sul,3,599.32,0.29,Pagamento na entrega,10,2.7,1276.55,1797.96
10137,2022-05-17,1343,Casa,Norte,1,353.84,0.25,Pagamento na entrega,3,3.7,265.38,353.84
10138,2022-05-18,1128,Eletrônicos,Norte,4,39.73,0.05,Cartão,1,2.6,150.97,158.92
10139,2022-05-19,1647,Eletrônicos,Leste,4,358.25,0.23,Cartão,6,3.2,1103.41,1433.0
10140,2022-05-20,1471,Eletrônicos,Leste,5,175.63,0.31,Carteira digital,8,3.4,605.92,878.15
10141,2022-05-21,1062,Eletrônicos,Sul,2,34.0,0.15,Pagamento na entrega,3,2.1,57.8,68.0
10142,2022-05-22,1138,Casa,Sul,7,495.2,0.14,Cartão,4,2.4,2981.1,3466.4
10143,2022-05-23,1498,Roupas,Norte,7,176.3,0.16,Cartão,5,1.1,1036.64,1234.1000000000001
10144,2022-05-24,1592,Eletrônicos,Norte,5,480.98,0.03,Pagamento na entrega,7,4.4,2332.75,2404.9
10145,2022-05-25,1391,Roupas,Oeste,6,183.61,0.31,Pagamento na entrega,11,4.0,760.15,1101.66
10146,2022-05-26,1674,Eletrônicos,Norte,4,128.68,0.3,Cartão,6,1.7,360.3,514.72
10147,2022-05-27,1418,Eletrônicos,Sul,4,584.75,0.35,Pagamento na entrega,2,2.4,1520.35,2339.0
10148,2022-05-28,1288,Roupas,Leste,5,226.56,0.2,Cartão,7,2.7,906.24,1132.8
10149,2022-05-29,1378,Beleza,Oeste,4,366.81,0.26,Cartão,8,2.3,1085.76,1467.24
10150,2022-05-30,1772,Casa,Norte,6,371.84,0.07,Pagamento na entrega,1,4.2,2074.87,2231.04
10151,2022-05-31,1489,Eletrônicos,Norte,3,342.88,0.23,Cartão,6,3.9,792.05,1028.6399999999999
10152,2022-06-01,1230,Beleza,Sul,1,550.1,0.23,Carteira digital,11,4.1,423.58,550.1
10153,2022-06-02,1040,Casa,Oeste,1,409.55,0.32,Cartão,9,4.6,278.49,409.55
10154,2022-06-03,1027,Casa,Norte,1,251.18,0.29,Pagamento na entrega,7,3.4,178.34,251.18
10155,2022-06-04,1134,Roupas,Leste,3,519.49,0.33,Cartão,5,3.5,1044.17,1558.47
10156,2022-06-05,1200,Roupas,Sul,4,120.92,0.3,Cartão,10,3.9,338.58,483.68
10157,2022-06-06,1839,Eletrônicos,Oeste,5,333.38,0.3,Pagamento na entrega,11,3.7,1166.83,1666.9
10158,2022-06-07,1779,Eletrônicos,Norte,7,571.07,0.02,Pagamento na entrega,10,4.5,3917.54,3997.4900000000002
10159,2022-06-08,1929,Eletrônicos,Norte,2,380.86,0.3,Pagamento na entrega,9,4.1,533.2,761.72
10160,2022-06-09,1032,Eletrônicos,Oeste,4,492.93,0.21,Pagamento na entrega,2,1.5,1557.66,1971.72
10161,2022-06-10,1047,Roupas,Sul,3,397.33,0.13,Pagamento na entrega,7,4.7,1037.03,1191.99
10162,2022-06-11,1502,Casa,Oeste,6,506.03,0.02,Pagamento na entrega,9,3.7,2975.46,3036.18
10163,2022-06-12,1406,Roupas,Oeste,3,567.53,0.24,Pagamento na entrega,2,1.5,1293.97,1702.59
10164,2022-06-13,1573,Eletrônicos,Sul,7,174.66,0.11,Pagamento na entrega,11,4.1,1088.13,1222.62
10165,2022-06-14,1727,Beleza,Norte,1,114.25,0.16,Pagamento na entrega,10,2.4,95.97,114.25
10166,2022-06-15,1804,Beleza,Leste,4,298.13,0.24,Carteira digital,6,4.2,906.32,1192.52
10167,2022-06-16,1098,Casa,Sul,7,425.59,0.32,Cartão,9,4.8,2025.81,2979.1299999999997
10168,2022-06-17,1683,Beleza,Leste,1,147.91,0.29,Pagamento na entrega,3,2.0,105.02,147.91
10169,2022-06-18,1871,Roupas,Norte,2,17.4,0.16,Cartão,8,4.4,29.23,34.8
10170,2022-06-19,1725,Beleza,Oeste,6,215.62,0.14,Cartão,5,4.1,1112.6,1293.72
10171,2022-06-20,1986,Eletrônicos,Leste,1,581.78,0.08,Cartão,7,3.7,535.24,581.78
10172,2022-06-21,1546,Roupas,Norte,2,421.56,0.13,Carteira digital,3,2.5,733.51,843.12
10173,2022-06-22,1960,Eletrônicos,Norte,3,249.78,0.04,Pagamento na entrega,8,1.4,719.37,749.34
10174,2022-06-23,1738,Eletrônicos,Oeste,1,127.66,0.34,Pagamento na entrega,2,2.9,84.26,127.66
10175,2022-06-24,1612,Eletrônicos,Oeste,1,223.31,0.2,Cartão,8,1.4,178.65,223.31
10176,2022-06-25,1942,Roupas,Norte,5,114.36,0.04,Pagamento na entrega,2,3.0,548.93,571.8
10177,2022-06-26,1461,Casa,Norte,6,77.19,0.12,Carteira digital,7,4.3,407.56,463.14
10178,2022-06-27,1642,Roupas,Leste,6,545.44,0.19,Cartão,2,5.0,2650.84,3272.6400000000003
10179,2022-06-28,1768,Eletrônicos,Norte,7,598.63,0.19,Cartão,7,1.8,3394.23,4190.41
10180,2022-06-29,1004,Casa,Norte,3,111.01,0.01,Cartão,1,1.8,329.7,333.03000000000003
10181,2022-06-30,1217,Roupas,Leste,5,46.9,0.33,Pagamento na entrega,6,4.2,157.11,234.5
10182,2022-07-01,1502,Roupas,Sul,7,207.89,0.1,Pagamento na entrega,10,2.9,1309.71,1455.23
10183,2022-07-02,1766,Casa,Leste,2,285.07,0.01,Pagamento na entrega,7,4.7,564.44,570.14
10184,2022-07-03,1397,Eletrônicos,Leste,7,134.82,0.03,Pagamento na entrega,4,4.1,915.43,943.74
10185,2022-07-04,1870,Eletrônicos,Oeste,2,191.33,0.2,Cartão,11,3.9,306.13,382.66
10186,2022-07-05,1794,Beleza,Leste,3,132.51,0.05,Pagamento na entrega,11,1.4,377.65,397.53
10187,2022-07-06,1392,Eletrônicos,Norte,6,467.94,0.01,Cartão,1,1.1,2779.56,2807.64
10188,2022-07-07,1206,Roupas,Norte,2,431.86,0.13,Cartão,6,2.3,751.44,863.72
10189,2022-07-08,1014,Beleza,Norte,3,386.45,0.22,Pagamento na entrega,4,1.9,904.29,1159.35
10190,2022-07-09,1857,Casa,Sul,7,241.52,0.04,Carteira digital,3,3.8,1623.01,1690.64
10191,2022-07-10,1553,Eletrônicos,Norte,2,546.79,0.11,Pagamento na entrega,4,2.8,973.29,1093.58
10192,2022-07-11,1891,Eletrônicos,Sul,4,582.18,0.15,Pagamento na entrega,6,3.1,1979.41,2328.72
10193,2022-07-12,1460,Eletrônicos,Norte,1,116.58,0.06,Cartão,5,4.3,109.59,116.58
10194,2022-07-13,1690,Roupas,Leste,7,145.46,0.18,Cartão,2,2.9,834.94,1018.22
10195,2022-07-14,1574,Roupas,Oeste,6,322.49,0.03,Cartão,2,3.2,1876.89,1934.94
10196,2022-07-15,1863,Eletrônicos,Norte,7,68.38,0.02,Carteira digital,3,4.4,469.09,478.65999999999997
10197,2022-07-16,1742,Beleza,Sul,4,270.32,0.18,Carteira digital,11,2.7,886.65,1081.28
10198,2022-07-17,1240,Roupas,Sul,3,355.35,0.09,Carteira digital,6,1.3,970.11,1066.0500000000002
10199,2022-07-18,1563,Eletrônicos,Oeste,3,320.41,0.03,Cartão,1,3.1,932.39,961.23
10200,2022-07-19,1095,Roupas,Norte,7,208.58,0.15,Pagamento na entrega,11,3.3,1241.05,1460.0600000000002
10201,2022-07-20,1899,Casa,Leste,4,332.33,0.32,Pagamento na entrega,7,3.0,903.94,1329.32
10202,2022-07-21,1733,Eletrônicos,Norte,7,575.9,0.25,Pagamento na entrega,8,2.0,3023.48,4031.2999999999997
10203,2022-07-22,1484,Eletrônicos,Norte,1,135.52,0.29,Pagamento na entrega,7,1.9,96.22,135.52
10204,2022-07-23,1406,Casa,Oeste,1,398.08,0.31,Pagamento na entrega,11,2.5,274.68,398.08
10205,2022-07-24,1230,Roupas,Norte,5,40.39,0.34,Cartão,3,1.7,133.29,201.95
10206,2022-07-25,1748,Roupas,Leste,2,53.85,0.27,Cartão,6,3.7,78.62,107.7
10207,2022-07-26,1654,Roupas,Sul,5,337.82,0.21,Cartão,4,3.5,1334.39,1689.1
10208,2022-07-27,1170,Eletrônicos,Oeste,1,76.39,0.13,Cartão,5,3.5,66.46,76.39
10209,2022-07-28,1540,Eletrônicos,Leste,4,28.07,0.06,Cartão,3,1.9,105.54,112.28
10210,2022-07-29,1035,Roupas,Sul,2,115.34,0.24,Cartão,5,2.0,175.32,230.68
10211,2022-07-30,1524,Eletrônicos,Oeste,4,345.44,0.35,Cartão,6,4.1,898.14,1381.76
10212,2022-07-31,1159,Eletrônicos,Oeste,5,426.45,0.16,Pagamento na entrega,8,3.8,1791.09,2132.25
10213,2022-08-01,1838,Casa,Sul,3,133.45,0.25,Carteira digital,6,4.5,300.26,400.34999999999997
10214,2022-08-02,1698,Beleza,Sul,4,405.93,0.17,Carteira digital,9,2.6,1347.69,1623.72
10215,2022-08-03,1242,Casa,Leste,5,121.75,0.15,Cartão,10,3.2,517.44,608.75
10216,2022-08-04,1085,Beleza,Norte,5,373.87,0.14,Cartão,10,4.0,1607.64,1869.35
10217,2022-08-05,1795,Eletrônicos,Norte,5,256.0,0.18,Cartão,10,4.9,1049.6,1280.0
10218,2022-08-06,1577,Beleza,Norte,3,397.47,0.13,Carteira digital,10,5.0,1037.4,1192.41
10219,2022-08-07,1681,Eletrônicos,Norte,3,597.11,0.26,Pagamento na entrega,4,5.0,1325.58,1791.33
10220,2022-08-08,1556,Beleza,Norte,7,563.62,0.31,Cartão,2,4.6,2722.28,3945.34
10221,2022-08-09,1573,Beleza,Leste,3,17.5,0.31,Carteira digital,9,3.6,36.22,52.5
10222,2022-08-10,1952,Casa,Oeste,2,532.98,0.08,Cartão,11,1.0,980.68,1065.96
10223,2022-08-11,1645,Beleza,Leste,3,53.9,0.31,Carteira digital,3,3.8,111.57,161.7
10224,2022-08-12,1795,Roupas,Leste,3,572.53,0.12,Cartão,11,2.0,1511.48,1717.59
10225,2022-08-13,1027,Eletrônicos,Leste,3,179.87,0.11,Cartão,7,1.2,480.25,539.61
10226,2022-08-14,1619,Roupas,Oeste,4,238.49,0.25,Pagamento na entrega,4,3.8,715.47,953.96
10227,2022-08-15,1555,Roupas,Leste,3,68.61,0.11,Carteira digital,1,4.0,183.19,205.82999999999998
10228,2022-08-16,1339,Eletrônicos,Leste,2,80.68,0.02,Carteira digital,8,3.6,158.13,161.36
10229,2022-08-17,1797,Roupas,Oeste,5,440.14,0.13,Pagamento na entrega,4,2.5,1914.61,2200.7
10230,2022-08-18,1957,Beleza,Leste,4,567.43,0.25,Cartão,11,3.0,1702.29,2269.72
10231,2022-08-19,1330,Eletrônicos,Norte,1,372.29,0.11,Cartão,6,4.7,331.34,372.29
10232,2022-08-20,1639,Casa,Sul,3,433.77,0.22,Carteira digital,7,3.9,1015.02,1301.31
10233,2022-08-21,1505,Beleza,Leste,7,460.75,0.23,Pagamento na entrega,8,3.0,2483.44,3225.25
10234,2022-08-22,1347,Beleza,Sul,7,168.75,0.26,Pagamento na entrega,10,3.4,874.12,1181.25
10235,2022-08-23,1472,Beleza,Leste,5,41.46,0.31,Cartão,2,4.7,143.04,207.3
10236,2022-08-24,1230,Roupas,Leste,5,16.1,0.15,Pagamento na entrega,9,2.6,68.42,80.5
10237,2022-08-25,1189,Beleza,Norte,4,220.13,0.06,Cartão,10,1.4,827.69,880.52
10238,2022-08-26,1224,Casa,Oeste,7,156.26,0.11,Pagamento na entrega,3,2.3,973.5,1093.82
10239,2022-08-27,1384,Eletrônicos,Sul,1,51.46,0.15,Carteira digital,1,2.7,43.74,51.46
10240,2022-08-28,1376,Roupas,Oeste,6,120.02,0.25,Pagamento na entrega,2,2.1,540.09,720.12
10241,2022-08-29,1282,Casa,Norte,7,87.83,0.0,Pagamento na entrega,8,3.1,614.81,614.81
10242,2022-08-30,1957,Eletrônicos,Norte,7,550.2,0.11,Cartão,10,2.2,3427.75,3851.4000000000005
10243,2022-08-31,1632,Roupas,Sul,2,97.06,0.27,Cartão,6,1.4,141.71,194.12
10244,2022-09-01,1627,Casa,Oeste,6,329.52,0.23,Carteira digital,11,1.8,1522.38,1977.12
10245,2022-09-02,1972,Eletrônicos,Norte,5,361.97,0.26,Cartão,1,4.7,1339.29,1809.8500000000001
10246,2022-09-03,1744,Roupas,Leste,6,332.94,0.28,Carteira digital,11,3.5,1438.3,1997.6399999999999
10247,2022-09-04,1258,Casa,Leste,7,72.95,0.27,Pagamento na entrega,9,2.3,372.77,510.65000000000003
10248,2022-09-05,1358,Roupas,Leste,5,201.5,0.24,Pagamento na entrega,7,2.5,765.7,1007.5
10249,2022-09-06,1709,Eletrônicos,Oeste,6,44.99,0.15,Carteira digital,10,3.0,229.45,269.94
10250,2022-09-07,1455,Eletrônicos,Leste,5,246.47,0.34,Pagamento na entrega,11,3.7,813.35,1232.35
10251,2022-09-08,1410,Roupas,Leste,5,125.33,0.2,Carteira digital,3,3.3,501.32,626.65
10252,2022-09-09,1648,Beleza,Norte,4,343.56,0.07,Cartão,7,4.7,1278.04,1374.24
10253,2022-09-10,1317,Eletrônicos,Norte,1,420.29,0.1,Pagamento na entrega,6,3.5,378.26,420.29
10254,2022-09-11,1676,Roupas,Leste,5,326.29,0.24,Pagamento na entrega,3,4.6,1239.9,1631.45
10255,2022-09-12,1224,Eletrônicos,Leste,2,269.03,0.32,Cartão,8,1.0,365.88,538.06
10256,2022-09-13,1818,Eletrônicos,Norte,7,241.59,0.06,Pagamento na entrega,1,4.6,1589.66,1691.13
10257,2022-09-14,1233,Casa,Sul,7,507.39,0.03,Pagamento na entrega,5,3.9,3445.18,3551.73
10258,2022-09-15,1683,Casa,Oeste,2,143.33,0.31,Carteira digital,8,1.7,197.8,286.66
10259,2022-09-16,1663,Eletrônicos,Oeste,3,444.52,0.32,Cartão,3,2.1,906.82,1333.56
10260,2022-09-17,1974,Roupas,Norte,5,458.13,0.1,Pagamento na entrega,11,3.2,2061.58,2290.65
10261,2022-09-18,1826,Eletrônicos,Oeste,5,260.23,0.13,Cartão,10,1.5,1132.0,1301.15
10262,2022-09-19,1373,Roupas,Norte,5,188.92,0.23,Pagamento na entrega,11,4.1,727.34,944.5999999999999
10263,2022-09-20,1671,Casa,Norte,6,290.27,0.12,Pagamento na entrega,6,4.2,1532.63,1741.62
10264,2022-09-21,1607,Eletrônicos,Norte,5,69.53,0.31,Pagamento na entrega,10,2.2,239.88,347.65
10265,2022-09-22,1471,Eletrônicos,Norte,5,41.87,0.04,Cartão,11,1.3,200.98,209.35
10266,2022-09-23,1232,Roupas,Sul,2,80.29,0.01,Cartão,2,5.0,158.97,160.58
10267,2022-09-24,1691,Beleza,Leste,1,124.48,0.07,Cartão,9,2.0,115.77,124.48
10268,2022-09-25,1112,Beleza,Leste,1,309.94,0.1,Cartão,2,1.3,278.95,309.94
10269,2022-09-26,1829,Eletrônicos,Sul,3,511.74,0.04,Pagamento na entrega,5,2.3,1473.81,1535.22
10270,2022-09-27,1496,Casa,Oeste,2,152.85,0.02,Carteira digital,3,4.9,299.59,305.7
10271,2022-09-28,1441,Roupas,Oeste,5,562.07,0.26,Cartão,10,4.2,2079.66,2810.3500000000004
10272,2022-09-29,1563,Roupas,Leste,1,573.62,0.06,Cartão,9,2.9,539.2,573.62
10273,2022-09-30,1267,Casa,Oeste,4,575.96,0.32,Pagamento na entrega,9,2.2,1566.61,2303.84
10274,2022-10-01,1509,Beleza,Leste,4,504.97,0.13,Pagamento na entrega,7,2.7,1757.3,2019.88
10275,2022-10-02,1806,Beleza,Leste,4,227.84,0.23,Cartão,10,1.1,701.75,911.36
10276,2022-10-03,1385,Roupas,Sul,5,57.52,0.08,Cartão,5,3.9,264.59,287.6
10277,2022-10-04,1386,Roupas,Oeste,5,347.76,0.08,Cartão,9,1.4,1599.7,1738.8
10278,2022-10-05,1112,Casa,Sul,3,341.83,0.2,Cartão,7,3.1,820.39,1025.49
10279,2022-10-06,1612,Eletrônicos,Leste,7,512.24,0.2,Cartão,2,3.3,2868.54,3585.6800000000003
10280,2022-10-07,1624,Roupas,Leste,3,597.65,0.27,Cartão,10,1.0,1308.85,1792.9499999999998
10281,2022-10-08,1951,Roupas,Leste,3,312.27,0.27,Pagamento na entrega,1,4.9,683.87,936.81
10282,2022-10-09,1080,Casa,Norte,6,216.94,0.23,Pagamento na entrega,10,2.2,1002.26,1301.6399999999999
10283,2022-10-10,1698,Eletrônicos,Norte,4,123.75,0.16,Cartão,10,1.3,415.8,495.0
10284,2022-10-11,1112,Eletrônicos,Norte,5,17.81,0.31,Pagamento na entrega,4,4.4,61.44,89.05
10285,2022-10-12,1001,Beleza,Sul,4,312.83,0.22,Pagamento na entrega,10,1.6,976.03,1251.32
10286,2022-10-13,1641,Eletrônicos,Leste,3,339.98,0.35,Carteira digital,8,1.1,662.96,1019.94
10287,2022-10-14,1219,Roupas,Oeste,5,497.59,0.29,Cartão,6,3.0,1766.44,2487.95
10288,2022-10-15,1565,Eletrônicos,Sul,2,310.18,0.02,Pagamento na entrega,2,1.5,607.95,620.36
10289,2022-10-16,1854,Eletrônicos,Sul,1,551.13,0.11,Pagamento na entrega,5,4.9,490.51,551.13
10290,2022-10-17,1996,Eletrônicos,Sul,1,382.43,0.2,Cartão,9,1.0,305.94,382.43
10291,2022-10-18,1735,Eletrônicos,Oeste,3,506.6,0.25,Carteira digital,6,1.2,1139.85,1519.8000000000002
10292,2022-10-19,1224,Beleza,Leste,7,101.76,0.19,Pagamento na entrega,6,4.3,576.98,712.32
10293,2022-10-20,1384,Eletrônicos,Norte,4,515.37,0.28,Pagamento na entrega,7,2.0,1484.27,2061.48
10294,2022-10-21,1402,Beleza,Leste,2,409.96,0.1,Cartão,11,4.6,737.93,819.92
10295,2022-10-22,1637,Roupas,Leste,5,114.59,0.06,Cartão,5,2.2,538.57,572.95
10296,2022-10-23,1129,Roupas,Sul,7,126.01,0.02,Pagamento na entrega,3,1.3,864.43,882.07
10297,2022-10-24,1052,Roupas,Sul,4,557.0,0.2,Cartão,3,1.0,1782.4,2228.0
10298,2022-10-25,1683,Roupas,Sul,3,33.85,0.24,Pagamento na entrega,5,2.1,77.18,101.55000000000001
10299,2022-10-26,1729,Casa,Norte,4,285.58,0.11,Cartão,4,2.9,1016.66,1142.32
10300,2022-10-27,1671,Eletrônicos,Norte,3,198.38,0.21,Pagamento na entrega,5,1.0,470.16,595.14
10301,2022-10-28,1709,Roupas,Norte,6,404.07,0.02,Pagamento na entrega,9,3.3,2375.93,2424.42
10302,2022-10-29,1415,Beleza,Leste,1,506.18,0.03,Cartão,5,2.3,490.99,506.18
10303,2022-10-30,1246,Beleza,Sul,7,225.82,0.25,Pagamento na entrega,4,2.6,1185.56,1580.74
10304,2022-10-31,1835,Beleza,Oeste,1,264.74,0.13,Cartão,4,2.0,230.32,264.74
10305,2022-11-01,1438,Roupas,Leste,4,589.42,0.23,Cartão,1,3.1,1815.41,2357.68
10306,2022-11-02,1202,Casa,Norte,2,473.59,0.29,Cartão,10,1.9,672.5,947.18
10307,2022-11-03,1183,Roupas,Oeste,5,539.86,0.3,Cartão,4,1.5,1889.51,2699.3
10308,2022-11-04,1122,Roupas,Oeste,3,271.68,0.06,Cartão,4,4.6,766.14,815.04
10309,2022-11-05,1400,Eletrônicos,Sul,5,151.93,0.17,Carteira digital,9,2.6,630.51,759.6500000000001
10310,2022-11-06,1766,Roupas,Oeste,1,255.94,0.26,Cartão,11,1.3,189.4,255.94
10311,2022-11-07,1293,Eletrônicos,Norte,2,433.91,0.27,Cartão,4,1.9,633.51,867.82
10312,2022-11-08,1279,Eletrônicos,Sul,2,79.02,0.27,Cartão,7,2.2,115.37,158.04
10313,2022-11-09,1836,Beleza,Oeste,5,173.22,0.08,Cartão,1,4.1,796.81,866.1
10314,2022-11-10,1883,Eletrônicos,Sul,1,42.28,0.07,Pagamento na entrega,7,1.1,39.32,42.28
10315,2022-11-11,1609,Eletrônicos,Oeste,5,267.92,0.21,Cartão,2,2.9,1058.28,1339.6000000000001
10316,2022-11-12,1197,Eletrônicos,Leste,4,499.06,0.26,Pagamento na entrega,11,2.6,1477.22,1996.24
10317,2022-11-13,1981,Beleza,Leste,2,29.43,0.11,Cartão,8,4.9,52.39,58.86
10318,2022-11-14,1906,Roupas,Norte,2,410.06,0.04,Carteira digital,1,1.7,787.32,820.12
10319,2022-11-15,1510,Roupas,Leste,4,560.51,0.25,Cartão,10,3.5,1681.53,2242.04
10320,2022-11-16,1751,Casa,Leste,1,153.6,0.1,Pagamento na entrega,3,1.8,138.24,153.6
10321,2022-11-17,1143,Casa,Leste,2,420.78,0.06,Pagamento na entrega,8,3.2,791.07,841.56
10322,2022-11-18,1608,Eletrônicos,Oeste,7,585.43,0.05,Cartão,10,3.2,3893.11,4098.009999999999
10323,2022-11-19,1200,Casa,Oeste,6,577.93,0.11,Pagamento na entrega,8,1.3,3086.15,3467.58
10324,2022-11-20,1123,Casa,Sul,6,152.43,0.21,Pagamento na entrega,11,2.8,722.52,914.58
10325,2022-11-21,1186,Casa,Oeste,6,73.69,0.13,Cartão,5,2.8,384.66,442.14
10326,2022-11-22,1325,Eletrônicos,Leste,3,101.75,0.01,Pagamento na entrega,5,2.3,302.2,305.25
10327,2022-11-23,1463,Beleza,Oeste,7,425.69,0.03,Carteira digital,8,2.1,2890.44,2979.83
10328,2022-11-24,1348,Roupas,Norte,3,439.57,0.1,Pagamento na entrega,10,1.9,1186.84,1318.71
10329,2022-11-25,1770,Eletrônicos,Sul,1,409.43,0.23,Carteira digital,5,1.0,315.26,409.43
10330,2022-11-26,1659,Roupas,Sul,4,211.61,0.03,Cartão,9,1.0,821.05,846.44
10331,2022-11-27,1763,Eletrônicos,Oeste,5,114.32,0.2,Pagamento na entrega,1,3.4,457.28,571.5999999999999
10332,2022-11-28,1954,Eletrônicos,Leste,7,354.75,0.04,Carteira digital,5,2.2,2383.92,2483.25
10333,2022-11-29,1931,Casa,Sul,1,297.95,0.07,Cartão,3,1.7,277.09,297.95
10334,2022-11-30,1402,Eletrônicos,Norte,5,441.37,0.06,Carteira digital,3,3.7,2074.44,2206.85
10335,2022-12-01,1345,Roupas,Norte,1,273.2,0.02,Cartão,2,3.1,267.74,273.2
10336,2022-12-02,1962,Roupas,Sul,3,213.1,0.23,Carteira digital,3,4.7,492.26,639.3
10337,2022-12-03,1510,Eletrônicos,Leste,6,186.68,0.16,Cartão,7,4.3,940.87,1120.08
10338,2022-12-04,1146,Beleza,Leste,4,138.71,0.29,Cartão,8,3.9,393.94,554.84
10339,2022-12-05,1147,Eletrônicos,Oeste,3,170.46,0.03,Carteira digital,8,1.5,496.04,511.38
10340,2022-12-06,1863,Eletrônicos,Oeste,4,70.48,0.05,Cartão,11,3.7,267.82,281.92
10341,2022-12-07,1710,Eletrônicos,Sul,7,217.91,0.11,Cartão,8,3.8,1357.58,1525.37
10342,2022-12-08,1819,Eletrônicos,Oeste,5,36.39,0.27,Cartão,1,4.1,132.82,181.95
10343,2022-12-09,1488,Eletrônicos,Oeste,1,124.05,0.11,Pagamento na entrega,11,2.1,110.4,124.05
10344,2022-12-10,1928,Casa,Oeste,2,451.86,0.14,Carteira digital,7,3.6,777.2,903.72
10345,2022-12-11,1935,Beleza,Norte,2,205.4,0.11,Cartão,2,3.5,365.61,410.8
10346,2022-12-12,1639,Eletrônicos,Oeste,4,405.92,0.03,Pagamento na entrega,11,2.5,1574.97,1623.68
10347,2022-12-13,1550,Casa,Sul,6,434.38,0.33,Cartão,10,3.7,1746.21,2606.2799999999997
10348,2022-12-14,1337,Casa,Leste,6,354.99,0.19,Pagamento na entrega,4,1.3,1725.25,2129.94
10349,2022-12-15,1871,Casa,Oeste,4,575.84,0.28,Cartão,5,3.6,1658.42,2303.36
10350,2022-12-16,1640,Roupas,Leste,3,27.54,0.23,Cartão,1,3.4,63.62,82.62
10351,2022-12-17,1778,Eletrônicos,Oeste,2,447.11,0.18,Cartão,4,1.8,733.26,894.22
10352,2022-12-18,1987,Eletrônicos,Sul,3,575.89,0.03,Pagamento na entrega,4,4.3,1675.84,1727.67
10353,2022-12-19,1952,Casa,Norte,5,519.43,0.22,Carteira digital,9,4.5,2025.78,2597.1499999999996
10354,2022-12-20,1472,Casa,Sul,2,113.22,0.05,Pagamento na entrega,9,1.8,215.12,226.44
10355,2022-12-21,1945,Eletrônicos,Norte,5,206.19,0.15,Cartão,11,1.3,876.31,1030.95
10356,2022-12-22,1150,Roupas,Oeste,1,115.88,0.22,Pagamento na entrega,10,3.4,90.39,115.88
10357,2022-12-23,1414,Beleza,Oeste,3,366.77,0.27,Pagamento na entrega,1,2.9,803.23,1100.31
10358,2022-12-24,1989,Casa,Norte,4,431.63,0.24,Cartão,8,2.7,1312.16,1726.52
10359,2022-12-25,1297,Beleza,Sul,2,200.49,0.24,Cartão,4,4.0,304.74,400.98
10360,2022-12-26,1610,Casa,Sul,3,330.61,0.05,Cartão,4,4.9,942.24,991.83
10361,2022-12-27,1262,Roupas,Norte,4,419.19,0.12,Pagamento na entrega,5,2.9,1475.55,1676.76
10362,2022-12-28,1763,Roupas,Oeste,1,261.48,0.02,Pagamento na entrega,2,1.0,256.25,261.48
10363,2022-12-29,1143,Casa,Norte,2,514.6,0.25,Pagamento na entrega,1,3.4,771.9,1029.2
10364,2022-12-30,1345,Eletrônicos,Oeste,5,466.36,0.33,Cartão,5,3.6,1562.31,2331.8
10365,2022-12-31,1623,Roupas,Norte,1,52.83,0.09,Cartão,7,4.3,48.08,52.83
10366,2023-01-01,1571,Casa,Oeste,6,378.36,0.03,Carteira digital,10,1.8,2202.06,2270.16
10367,2023-01-02,1880,Eletrônicos,Norte,4,152.67,0.17,Cartão,9,3.1,506.86,610.68
10368,2023-01-03,1001,Casa,Leste,2,341.15,0.3,Carteira digital,2,2.8,477.61,682.3
10369,2023-01-04,1896,Roupas,Oeste,2,574.78,0.19,Pagamento na entrega,8,3.7,931.14,1149.56
10370,2023-01-05,1303,Beleza,Sul,7,529.25,0.02,Cartão,7,1.3,3630.66,3704.75
10371,2023-01-06,1253,Eletrônicos,Norte,7,251.64,0.34,Pagamento na entrega,2,4.5,1162.58,1761.48
10372,2023-01-07,1651,Eletrônicos,Sul,1,185.54,0.29,Carteira digital,5,3.0,131.73,185.54
10373,2023-01-08,1452,Roupas,Norte,2,152.13,0.05,Cartão,7,4.5,289.05,304.26
10374,2023-01-09,1036,Eletrônicos,Sul,4,326.52,0.32,Carteira digital,3,2.4,888.13,1306.08
10375,2023-01-10,1159,Casa,Sul,1,81.84,0.16,Cartão,2,3.6,68.75,81.84
10376,2023-01-11,1008,Casa,Norte,5,336.33,0.13,Pagamento na entrega,6,4.8,1463.04,1681.6499999999999
10377,2023-01-12,1232,Eletrônicos,Norte,1,15.78,0.16,Carteira digital,10,4.8,13.26,15.78
10378,2023-01-13,1098,Roupas,Sul,1,204.45,0.29,Carteira digital,6,4.8,145.16,204.45
10379,2023-01-14,1658,Roupas,Sul,5,143.66,0.23,Pagamento na entrega,11,1.2,553.09,718.3
10380,2023-01-15,1815,Roupas,Sul,6,583.16,0.02,Pagamento na entrega,4,2.6,3428.98,3498.96
10381,2023-01-16,1207,Beleza,Oeste,7,440.44,0.34,Cartão,1,1.2,2034.83,3083.08
10382,2023-01-17,1130,Casa,Oeste,4,219.55,0.05,Cartão,5,2.2,834.29,878.2
10383,2023-01-18,1403,Casa,Leste,6,69.31,0.26,Cartão,1,1.7,307.74,415.86
10384,2023-01-19,1151,Casa,Oeste,6,317.33,0.22,Cartão,11,3.5,1485.1,1903.98
10385,2023-01-20,1053,Roupas,Oeste,6,139.87,0.07,Cartão,11,4.1,780.47,839.22
10386,2023-01-21,1119,Beleza,Norte,7,328.81,0.06,Cartão,8,3.1,2163.57,2301.67
10387,2023-01-22,1672,Casa,Leste,3,503.69,0.3,Carteira digital,2,4.2,1057.75,1511.07
10388,2023-01-23,1919,Casa,Leste,7,375.24,0.15,Pagamento na entrega,9,1.1,2232.68,2626.6800000000003
10389,2023-01-24,1627,Beleza,Oeste,6,385.77,0.23,Cartão,9,4.3,1782.26,2314.62
10390,2023-01-25,1586,Eletrônicos,Norte,3,331.5,0.18,Carteira digital,3,1.7,815.49,994.5
10391,2023-01-26,1624,Casa,Norte,5,557.45,0.25,Cartão,6,2.8,2090.44,2787.25
10392,2023-01-27,1967,Eletrônicos,Leste,7,560.16,0.17,Pagamento na entrega,9,2.8,3254.53,3921.12
10393,2023-01-28,1419,Eletrônicos,Norte,4,314.94,0.1,Pagamento na entrega,7,4.5,1133.78,1259.76
10394,2023-01-29,1421,Eletrônicos,Sul,6,193.87,0.13,Cartão,4,4.9,1012.0,1163.22
10395,2023-01-30,1103,Beleza,Oeste,2,283.86,0.3,Pagamento na entrega,3,2.0,397.4,567.72
10396,2023-01-31,1851,Beleza,Sul,5,124.14,0.16,Cartão,2,1.3,521.39,620.7
10397,2023-02-01,1253,Casa,Leste,3,387.26,0.07,Cartão,10,3.6,1080.46,1161.78
10398,2023-02-02,1226,Casa,Leste,7,307.55,0.33,Cartão,10,3.0,1442.41,2152.85
10399,2023-02-03,1111,Roupas,Norte,4,75.43,0.28,Carteira digital,1,3.3,217.24,301.72
10400,2023-02-04,1509,Beleza,Norte,1,130.62,0.02,Pagamento na entrega,11,1.2,128.01,130.62
10401,2023-02-05,1472,Roupas,Leste,4,295.58,0.35,Pagamento na entrega,10,4.1,768.51,1182.32
10402,2023-02-06,1098,Roupas,Leste,4,534.24,0.24,Pagamento na entrega,11,1.9,1624.09,2136.96
10403,2023-02-07,1152,Eletrônicos,Sul,6,346.34,0.06,Cartão,1,2.3,1953.36,2078.04
10404,2023-02-08,1860,Casa,Sul,6,413.7,0.08,Pagamento na entrega,4,1.9,2283.62,2482.2
10405,2023-02-09,1913,Casa,Norte,7,213.33,0.24,Cartão,4,4.8,1134.92,1493.3100000000002
10406,2023-02-10,1895,Roupas,Sul,7,349.28,0.27,Cartão,9,1.7,1784.82,2444.96
10407,2023-02-11,1877,Eletrônicos,Norte,3,276.72,0.08,Pagamento na entrega,10,3.9,763.75,830.1600000000001
10408,2023-02-12,1337,Casa,Norte,7,400.59,0.09,Cartão,1,2.0,2551.76,2804.1299999999997
10409,2023-02-13,1705,Eletrônicos,Oeste,3,44.59,0.11,Cartão,11,2.7,119.06,133.77
10410,2023-02-14,1821,Casa,Norte,6,303.58,0.21,Carteira digital,4,5.0,1438.97,1821.48
10411,2023-02-15,1162,Beleza,Sul,6,188.16,0.06,Pagamento na entrega,3,1.4,1061.22,1128.96
10412,2023-02-16,1719,Roupas,Leste,2,205.82,0.04,Pagamento na entrega,9,4.5,395.17,411.64
10413,2023-02-17,1956,Eletrônicos,Leste,2,577.14,0.24,Cartão,5,4.8,877.25,1154.28
10414,2023-02-18,1680,Casa,Sul,5,121.88,0.27,Cartão,9,3.8,444.86,609.4
10415,2023-02-19,1995,Casa,Leste,6,197.08,0.18,Pagamento na entrega,10,1.0,969.63,1182.48
10416,2023-02-20,1160,Roupas,Norte,1,313.29,0.13,Pagamento na entrega,6,4.3,272.56,313.29
10417,2023-02-21,1579,Beleza,Leste,2,519.87,0.15,Pagamento na entrega,11,4.5,883.78,1039.74
10418,2023-02-22,1800,Eletrônicos,Sul,3,258.75,0.14,Carteira digital,9,4.9,667.58,776.25
10419,2023-02-23,1397,Roupas,Leste,4,450.16,0.34,Carteira digital,1,4.4,1188.42,1800.64
10420,2023-02-24,1276,Casa,Norte,7,515.98,0.27,Cartão,4,2.8,2636.66,3611.86
10421,2023-02-25,1815,Beleza,Norte,7,196.36,0.07,Carteira digital,4,3.8,1278.3,1374.52
10422,2023-02-26,1915,Eletrônicos,Sul,5,244.76,0.13,Pagamento na entrega,10,2.9,1064.71,1223.8
10423,2023-02-27,1503,Casa,Sul,2,223.59,0.19,Pagamento na entrega,10,2.4,362.22,447.18
10424,2023-02-28,1895,Roupas,Sul,4,502.22,0.21,Cartão,6,3.5,1587.02,2008.88
10425,2023-03-01,1391,Roupas,Oeste,4,40.94,0.16,Pagamento na entrega,10,4.1,137.56,163.76
10426,2023-03-02,1134,Eletrônicos,Oeste,2,195.43,0.28,Carteira digital,1,3.5,281.42,390.86
10427,2023-03-03,1194,Beleza,Norte,1,412.45,0.27,Pagamento na entrega,10,4.3,301.09,412.45
10428,2023-03-04,1400,Eletrônicos,Oeste,1,345.78,0.18,Pagamento na entrega,5,1.7,283.54,345.78
10429,2023-03-05,1639,Eletrônicos,Oeste,5,270.23,0.3,Cartão,3,2.5,945.8,1351.15
10430,2023-03-06,1032,Eletrônicos,Leste,1,330.87,0.26,Cartão,1,2.3,244.84,330.87
10431,2023-03-07,1687,Beleza,Oeste,5,130.59,0.27,Cartão,6,1.8,476.65,652.95
10432,2023-03-08,1459,Casa,Leste,3,266.97,0.33,Cartão,3,2.8,536.61,800.9100000000001
10433,2023-03-09,1954,Casa,Sul,2,308.5,0.09,Pagamento na entrega,4,4.8,561.47,617.0
10434,2023-03-10,1882,Eletrônicos,Leste,4,542.2,0.09,Cartão,9,3.2,1973.61,2168.8
10435,2023-03-11,1469,Roupas,Leste,5,167.59,0.31,Pagamento na entrega,2,2.1,578.19,837.95
10436,2023-03-12,1374,Roupas,Sul,7,522.68,0.27,Cartão,1,2.4,2670.89,3658.7599999999998
10437,2023-03-13,1021,Casa,Sul,1,391.88,0.32,Cartão,10,3.5,266.48,391.88
10438,2023-03-14,1749,Beleza,Norte,7,26.9,0.02,Cartão,6,2.4,184.53,188.29999999999998
10439,2023-03-15,1669,Eletrônicos,Norte,5,438.91,0.22,Carteira digital,1,3.2,1711.75,2194.55
10440,2023-03-16,1037,Casa,Norte,6,35.8,0.05,Cartão,1,2.1,204.06,214.79999999999998
10441,2023-03-17,1229,Eletrônicos,Norte,5,598.47,0.18,Cartão,7,2.4,2453.73,2992.3500000000004
10442,2023-03-18,1364,Roupas,Leste,1,525.49,0.05,Carteira digital,2,3.8,499.22,525.49
10443,2023-03-19,1562,Eletrônicos,Leste,6,188.95,0.04,Carteira digital,4,3.3,1088.35,1133.6999999999998
10444,2023-03-20,1437,Eletrônicos,Norte,6,165.59,0.0,Pagamento na entrega,4,1.4,993.54,993.54
10445,2023-03-21,1775,Roupas,Oeste,1,238.14,0.22,Cartão,2,4.9,185.75,238.14
10446,2023-03-22,1282,Roupas,Norte,6,223.36,0.13,Cartão,6,1.2,1165.94,1340.16
10447,2023-03-23,1026,Eletrônicos,Oeste,2,232.82,0.04,Carteira digital,10,1.3,447.01,465.64
10448,2023-03-24,1225,Casa,Sul,4,201.19,0.11,Carteira digital,2,3.8,716.24,804.76
10449,2023-03-25,1276,Roupas,Leste,7,378.36,0.06,Pagamento na entrega,8,3.8,2489.61,2648.52
10450,2023-03-26,1797,Eletrônicos,Leste,2,111.09,0.33,Cartão,4,1.1,148.86,222.18
10451,2023-03-27,1608,Casa,Oeste,2,509.9,0.11,Cartão,1,3.6,907.62,1019.8
10452,2023-03-28,1283,Eletrônicos,Norte,1,490.26,0.12,Cartão,7,1.1,431.43,490.26
10453,2023-03-29,1878,Roupas,Leste,1,293.74,0.29,Pagamento na entrega,6,4.8,208.56,293.74
10454,2023-03-30,1959,Casa,Oeste,7,513.85,0.23,Cartão,6,3.8,2769.65,3596.9500000000003
10455,2023-03-31,1480,Eletrônicos,Sul,4,159.58,0.25,Carteira digital,11,1.7,478.74,638.32
10456,2023-04-01,1452,Eletrônicos,Sul,5,25.28,0.22,Cartão,3,1.6,98.59,126.4
10457,2023-04-02,1828,Roupas,Leste,2,377.24,0.33,Pagamento na entrega,10,3.3,505.5,754.48
10458,2023-04-03,1815,Beleza,Norte,6,282.88,0.07,Cartão,7,3.5,1578.47,1697.28
10459,2023-04-04,1658,Roupas,Oeste,4,346.79,0.35,Pagamento na entrega,6,4.3,901.65,1387.16
10460,2023-04-05,1515,Casa,Leste,2,541.11,0.29,Cartão,10,4.6,768.38,1082.22
10461,2023-04-06,1546,Roupas,Sul,5,582.41,0.21,Pagamento na entrega,10,2.6,2300.52,2912.0499999999997
10462,2023-04-07,1191,Eletrônicos,Norte,6,386.16,0.23,Pagamento na entrega,9,4.4,1784.06,2316.96
10463,2023-04-08,1048,Roupas,Oeste,2,461.97,0.23,Cartão,3,3.2,711.43,923.94
10464,2023-04-09,1511,Casa,Leste,3,64.03,0.02,Carteira digital,3,2.9,188.25,192.09
10465,2023-04-10,1016,Eletrônicos,Oeste,7,109.02,0.08,Pagamento na entrega,4,3.8,702.09,763.14
10466,2023-04-11,1171,Eletrônicos,Norte,4,443.92,0.34,Carteira digital,3,1.4,1171.95,1775.68
10467,2023-04-12,1219,Eletrônicos,Norte,7,267.35,0.19,Carteira digital,4,2.1,1515.87,1871.4500000000003
10468,2023-04-13,1157,Roupas,Sul,1,275.89,0.13,Carteira digital,6,4.3,240.02,275.89
10469,2023-04-14,1476,Beleza,Norte,2,195.54,0.27,Cartão,1,3.0,285.49,391.08
10470,2023-04-15,1045,Eletrônicos,Leste,6,370.3,0.18,Cartão,2,4.6,1821.88,2221.8
10471,2023-04-16,1372,Roupas,Oeste,6,123.32,0.0,Carteira digital,10,1.4,739.92,739.92
10472,2023-04-17,1517,Eletrônicos,Norte,4,381.75,0.26,Pagamento na entrega,6,2.3,1129.98,1527.0
10473,2023-04-18,1098,Beleza,Norte,4,116.67,0.26,Cartão,6,2.4,345.34,466.68
10474,2023-04-19,1891,Eletrônicos,Leste,7,52.34,0.06,Pagamento na entrega,1,2.7,344.4,366.38
10475,2023-04-20,1744,Roupas,Oeste,6,208.26,0.33,Cartão,6,4.9,837.21,1249.56
10476,2023-04-21,1036,Casa,Oeste,6,150.22,0.08,Pagamento na entrega,11,2.2,829.21,901.3199999999999
10477,2023-04-22,1279,Casa,Sul,6,535.06,0.16,Carteira digital,9,3.1,2696.7,3210.3599999999997
10478,2023-04-23,1348,Roupas,Sul,2,47.15,0.04,Pagamento na entrega,8,3.1,90.53,94.3
10479,2023-04-24,1496,Eletrônicos,Oeste,6,118.32,0.21,Cartão,10,4.1,560.84,709.92
10480,2023-04-25,1301,Roupas,Leste,1,336.0,0.13,Cartão,5,3.1,292.32,336.0
10481,2023-04-26,1180,Eletrônicos,Leste,6,296.42,0.12,Cartão,4,3.4,1565.1,1778.52
10482,2023-04-27,1606,Eletrônicos,Sul,1,41.82,0.29,Pagamento na entrega,6,4.0,29.69,41.82
10483,2023-04-28,1098,Roupas,Norte,2,19.24,0.0,Cartão,11,1.4,38.48,38.48
10484,2023-04-29,1699,Eletrônicos,Leste,4,593.02,0.28,Pagamento na entrega,5,4.9,1707.9,2372.08
10485,2023-04-30,1992,Eletrônicos,Norte,1,400.42,0.2,Pagamento na entrega,6,4.4,320.34,400.42
10486,2023-05-01,1115,Casa,Leste,2,228.76,0.35,Pagamento na entrega,10,2.6,297.39,457.52
10487,2023-05-02,1190,Beleza,Oeste,6,290.2,0.21,Carteira digital,11,3.9,1375.55,1741.1999999999998
10488,2023-05-03,1252,Roupas,Sul,2,170.93,0.02,Pagamento na entrega,3,4.0,335.02,341.86
10489,2023-05-04,1980,Eletrônicos,Norte,6,216.75,0.02,Cartão,7,4.4,1274.49,1300.5
10490,2023-05-05,1927,Eletrônicos,Norte,7,394.69,0.31,Pagamento na entrega,8,1.8,1906.35,2762.83
10491,2023-05-06,1982,Beleza,Oeste,2,531.44,0.29,Pagamento na entrega,5,3.8,754.64,1062.88
10492,2023-05-07,1160,Eletrônicos,Leste,4,122.72,0.12,Cartão,5,1.1,431.97,490.88
10493,2023-05-08,1255,Eletrônicos,Norte,1,506.61,0.22,Pagamento na entrega,4,1.5,395.16,506.61
10494,2023-05-09,1322,Roupas,Leste,7,86.11,0.17,Cartão,10,4.1,500.3,602.77
10495,2023-05-10,1127,Roupas,Oeste,4,140.77,0.34,Cartão,5,4.3,371.63,563.08
10496,2023-05-11,1017,Roupas,Sul,3,36.75,0.33,Carteira digital,10,3.4,73.87,110.25
10497,2023-05-12,1792,Eletrônicos,Norte,6,97.37,0.34,Carteira digital,11,3.3,385.59,584.22
10498,2023-05-13,1734,Eletrônicos,Leste,1,551.62,0.3,Pagamento na entrega,8,4.0,386.13,551.62
10499,2023-05-14,1565,Beleza,Norte,4,283.77,0.32,Pagamento na entrega,5,4.6,771.85,1135.08
10500,2023-05-15,1569,Eletrônicos,Leste,1,60.43,0.08,Carteira digital,9,2.7,55.6,60.43
10501,2023-05-16,1322,Casa,Leste,3,576.44,0.29,Carteira digital,1,1.5,1227.82,1729.3200000000002
10502,2023-05-17,1871,Casa,Leste,5,529.21,0.25,Pagamento na entrega,7,4.4,1984.54,2646.05
10503,2023-05-18,1685,Roupas,Oeste,6,456.49,0.34,Pagamento na entrega,5,2.4,1807.7,2738.94
10504,2023-05-19,1791,Eletrônicos,Sul,6,561.08,0.2,Cartão,4,1.5,2693.18,3366.4800000000005
10505,2023-05-20,1625,Eletrônicos,Norte,2,143.78,0.03,Cartão,3,3.5,278.93,287.56
10506,2023-05-21,1287,Roupas,Sul,6,504.28,0.21,Cartão,10,3.3,2390.29,3025.68
10507,2023-05-22,1942,Beleza,Leste,6,418.64,0.24,Pagamento na entrega,7,2.9,1909.0,2511.84
10508,2023-05-23,1853,Beleza,Leste,4,523.81,0.08,Carteira digital,2,4.4,1927.62,2095.24
10509,2023-05-24,1662,Eletrônicos,Sul,7,481.19,0.14,Carteira digital,5,2.1,2896.76,3368.33
10510,2023-05-25,1961,Eletrônicos,Sul,6,217.7,0.21,Cartão,2,1.1,1031.9,1306.1999999999998
10511,2023-05-26,1638,Beleza,Norte,6,468.02,0.13,Pagamento na entrega,7,2.3,2443.06,2808.12
10512,2023-05-27,1154,Casa,Leste,3,168.54,0.13,Cartão,6,1.0,439.89,505.62
10513,2023-05-28,1489,Beleza,Sul,7,207.23,0.05,Cartão,10,3.2,1378.08,1450.61
10514,2023-05-29,1385,Eletrônicos,Oeste,3,78.12,0.33,Carteira digital,7,2.5,157.02,234.36
10515,2023-05-30,1985,Roupas,Leste,1,562.02,0.26,Pagamento na entrega,9,4.3,415.89,562.02
10516,2023-05-31,1784,Casa,Leste,1,185.24,0.0,Pagamento na entrega,2,4.2,185.24,185.24
10517,2023-06-01,1103,Casa,Norte,6,319.56,0.27,Cartão,9,2.7,1399.67,1917.3600000000001
10518,2023-06-02,1928,Roupas,Oeste,6,243.93,0.26,Cartão,7,1.9,1083.05,1463.58
10519,2023-06-03,1392,Eletrônicos,Norte,2,576.56,0.0,Pagamento na entrega,2,2.7,1153.12,1153.12
10520,2023-06-04,1810,Roupas,Oeste,1,211.0,0.13,Cartão,10,3.6,183.57,211.0
10521,2023-06-05,1245,Eletrônicos,Norte,4,470.45,0.21,Cartão,2,1.8,1486.62,1881.8
10522,2023-06-06,1175,Roupas,Oeste,6,515.42,0.16,Cartão,4,4.1,2597.72,3092.5199999999995
10523,2023-06-07,1038,Beleza,Oeste,4,269.83,0.27,Pagamento na entrega,2,2.3,787.9,1079.32
10524,2023-06-08,1476,Roupas,Oeste,6,236.23,0.15,Carteira digital,1,4.7,1204.77,1417.3799999999999
10525,2023-06-09,1681,Casa,Sul,4,452.43,0.05,Carteira digital,6,3.0,1719.23,1809.72
10526,2023-06-10,1758,Eletrônicos,Leste,5,549.04,0.34,Carteira digital,10,4.4,1811.83,2745.2
10527,2023-06-11,1537,Casa,Oeste,4,456.64,0.08,Carteira digital,11,3.5,1680.44,1826.56
10528,2023-06-12,1866,Beleza,Sul,7,147.87,0.25,Carteira digital,5,3.2,776.32,1035.0900000000001
10529,2023-06-13,1817,Eletrônicos,Sul,1,534.66,0.05,Pagamento na entrega,3,3.7,507.93,534.66
10530,2023-06-14,1920,Eletrônicos,Norte,6,241.74,0.12,Pagamento na entrega,11,4.2,1276.39,1450.44
10531,2023-06-15,1407,Roupas,Leste,1,352.09,0.15,Cartão,1,3.6,299.28,352.09
10532,2023-06-16,1524,Eletrônicos,Leste,7,501.39,0.07,Carteira digital,9,4.2,3264.05,3509.73
10533,2023-06-17,1827,Casa,Norte,7,125.21,0.16,Cartão,8,1.8,736.23,876.4699999999999
10534,2023-06-18,1505,Beleza,Leste,4,473.94,0.06,Cartão,6,2.1,1782.01,1895.76
10535,2023-06-19,1902,Roupas,Norte,3,363.76,0.2,Carteira digital,6,1.9,873.02,1091.28
10536,2023-06-20,1824,Eletrônicos,Sul,3,537.6,0.23,Cartão,4,4.2,1241.86,1612.8000000000002
10537,2023-06-21,1035,Roupas,Sul,7,115.6,0.02,Carteira digital,2,1.3,793.02,809.1999999999999
10538,2023-06-22,1684,Casa,Oeste,3,261.1,0.3,Pagamento na entrega,4,4.2,548.31,783.3000000000001
10539,2023-06-23,1019,Eletrônicos,Norte,6,502.21,0.06,Cartão,2,2.6,2832.46,3013.2599999999998
10540,2023-06-24,1320,Roupas,Sul,2,26.25,0.08,Pagamento na entrega,7,1.3,48.3,52.5
10541,2023-06-25,1775,Roupas,Sul,5,80.64,0.23,Carteira digital,9,2.7,310.46,403.2
10542,2023-06-26,1511,Roupas,Norte,4,594.48,0.16,Cartão,2,2.2,1997.45,2377.92
10543,2023-06-27,1399,Eletrônicos,Sul,2,179.03,0.17,Pagamento na entrega,9,3.4,297.19,358.06
10544,2023-06-28,1653,Casa,Leste,3,585.69,0.04,Carteira digital,9,2.9,1686.79,1757.0700000000002
10545,2023-06-29,1971,Eletrônicos,Sul,4,121.78,0.28,Cartão,8,2.2,350.73,487.12
10546,2023-06-30,1882,Eletrônicos,Norte,2,226.24,0.22,Cartão,1,4.4,352.93,452.48
10547,2023-07-01,1470,Beleza,Leste,1,455.43,0.05,Cartão,5,2.6,432.66,455.43
10548,2023-07-02,1142,Casa,Leste,3,399.8,0.13,Cartão,10,2.9,1043.48,1199.4
10549,2023-07-03,1091,Eletrônicos,Sul,2,354.96,0.28,Cartão,11,4.4,511.14,709.92
10550,2023-07-04,1353,Eletrônicos,Oeste,6,324.99,0.2,Pagamento na entrega,4,1.4,1559.95,1949.94
10551,2023-07-05,1833,Eletrônicos,Leste,1,508.41,0.04,Cartão,7,2.6,488.07,508.41
10552,2023-07-06,1799,Eletrônicos,Norte,3,152.44,0.13,Carteira digital,11,2.6,397.87,457.32
10553,2023-07-07,1726,Eletrônicos,Oeste,5,273.85,0.08,Cartão,8,3.0,1259.71,1369.25
10554,2023-07-08,1958,Eletrônicos,Oeste,7,105.94,0.18,Pagamento na entrega,10,1.4,608.1,741.5799999999999
10555,2023-07-09,1853,Roupas,Leste,3,363.63,0.3,Pagamento na entrega,11,1.4,763.62,1090.8899999999999
10556,2023-07-10,1050,Casa,Sul,6,161.57,0.15,Carteira digital,8,2.7,824.01,969.42
10557,2023-07-11,1664,Roupas,Oeste,5,210.3,0.15,Pagamento na entrega,2,1.1,893.78,1051.5
10558,2023-07-12,1697,Casa,Sul,5,290.68,0.32,Cartão,3,2.0,988.31,1453.4
10559,2023-07-13,1574,Eletrônicos,Leste,5,30.66,0.2,Carteira digital,10,1.8,122.64,153.3
10560,2023-07-14,1189,Beleza,Norte,4,68.78,0.2,Cartão,10,3.0,220.1,275.12
10561,2023-07-15,1124,Casa,Oeste,4,416.27,0.09,Cartão,7,1.0,1515.22,1665.08
10562,2023-07-16,1149,Casa,Norte,7,265.95,0.21,Cartão,4,3.7,1470.7,1861.6499999999999
10563,2023-07-17,1313,Casa,Sul,5,520.9,0.2,Pagamento na entrega,6,4.4,2083.6,2604.5
10564,2023-07-18,1569,Beleza,Sul,7,421.38,0.14,Cartão,8,3.8,2536.71,2949.66
10565,2023-07-19,1341,Roupas,Norte,1,19.74,0.35,Pagamento na entrega,8,4.3,12.83,19.74
10566,2023-07-20,1304,Eletrônicos,Leste,5,375.78,0.31,Pagamento na entrega,7,3.6,1296.44,1878.8999999999999
10567,2023-07-21,1691,Roupas,Leste,2,69.83,0.26,Carteira digital,2,3.0,103.35,139.66
10568,2023-07-22,1681,Casa,Oeste,5,471.85,0.19,Cartão,2,1.9,1910.99,2359.25
10569,2023-07-23,1837,Casa,Oeste,4,595.03,0.16,Cartão,3,2.1,1999.3,2380.12
10570,2023-07-24,1782,Roupas,Leste,4,325.75,0.06,Cartão,4,2.3,1224.82,1303.0
10571,2023-07-25,1053,Eletrônicos,Leste,2,414.43,0.11,Cartão,1,1.2,737.69,828.86
10572,2023-07-26,1443,Roupas,Norte,2,153.83,0.27,Pagamento na entrega,5,4.7,224.59,307.66
10573,2023-07-27,1612,Beleza,Sul,3,270.99,0.16,Pagamento na entrega,7,4.6,682.89,812.97
10574,2023-07-28,1992,Roupas,Sul,1,515.82,0.31,Pagamento na entrega,10,1.4,355.92,515.82
10575,2023-07-29,1263,Roupas,Oeste,1,112.94,0.05,Carteira digital,11,3.2,107.29,112.94
10576,2023-07-30,1052,Eletrônicos,Leste,1,170.34,0.18,Carteira digital,5,2.9,139.68,170.34
10577,2023-07-31,1571,Roupas,Norte,6,275.58,0.23,Cartão,7,3.7,1273.18,1653.48
10578,2023-08-01,1619,Beleza,Oeste,4,431.67,0.18,Carteira digital,5,3.4,1415.88,1726.68
10579,2023-08-02,1004,Casa,Norte,1,234.89,0.31,Cartão,11,1.5,162.07,234.89
10580,2023-08-03,1102,Casa,Leste,3,557.72,0.35,Pagamento na entrega,10,3.6,1087.55,1673.16
10581,2023-08-04,1195,Roupas,Leste,3,70.26,0.04,Pagamento na entrega,8,3.4,202.35,210.78000000000003
10582,2023-08-05,1773,Roupas,Leste,1,231.92,0.05,Carteira digital,7,3.1,220.32,231.92
10583,2023-08-06,1876,Eletrônicos,Sul,2,429.74,0.05,Pagamento na entrega,1,2.6,816.51,859.48
10584,2023-08-07,1991,Casa,Leste,3,147.2,0.24,Pagamento na entrega,11,4.8,335.62,441.59999999999997
10585,2023-08-08,1883,Roupas,Oeste,7,399.0,0.13,Carteira digital,1,4.4,2429.91,2793.0
10586,2023-08-09,1349,Roupas,Sul,2,111.07,0.26,Pagamento na entrega,5,3.3,164.38,222.14
10587,2023-08-10,1046,Roupas,Norte,7,47.75,0.14,Pagamento na entrega,2,1.0,287.46,334.25
10588,2023-08-11,1866,Beleza,Oeste,4,85.79,0.22,Cartão,9,2.7,267.66,343.16
10589,2023-08-12,1822,Eletrônicos,Oeste,6,559.04,0.27,Cartão,2,3.8,2448.6,3354.24
10590,2023-08-13,1935,Casa,Norte,3,337.77,0.19,Carteira digital,9,1.5,820.78,1013.31
10591,2023-08-14,1819,Eletrônicos,Sul,2,480.86,0.19,Pagamento na entrega,10,2.6,778.99,961.72
10592,2023-08-15,1655,Roupas,Oeste,7,209.6,0.03,Pagamento na entrega,2,1.8,1423.18,1467.2
10593,2023-08-16,1268,Eletrônicos,Oeste,1,361.71,0.14,Cartão,4,2.4,311.07,361.71
10594,2023-08-17,1369,Eletrônicos,Oeste,7,304.55,0.19,Cartão,3,1.1,1726.8,2131.85
10595,2023-08-18,1635,Roupas,Sul,7,568.26,0.16,Cartão,6,1.5,3341.37,3977.8199999999997
10596,2023-08-19,1105,Eletrônicos,Sul,4,452.33,0.32,Pagamento na entrega,4,2.8,1230.34,1809.32
10597,2023-08-20,1669,Roupas,Sul,5,442.37,0.32,Cartão,9,4.6,1504.06,2211.85
10598,2023-08-21,1658,Beleza,Oeste,5,42.12,0.29,Cartão,9,3.0,149.53,210.6
10599,2023-08-22,1656,Eletrônicos,Leste,1,336.56,0.13,Pagamento na entrega,10,2.8,292.81,336.56
10600,2023-08-23,1119,Casa,Norte,4,288.19,0.25,Pagamento na entrega,9,4.2,864.57,1152.76
10601,2023-08-24,1830,Roupas,Leste,4,557.79,0.14,Cartão,3,2.1,1918.8,2231.16
10602,2023-08-25,1786,Casa,Sul,4,165.55,0.08,Pagamento na entrega,3,1.4,609.22,662.2
10603,2023-08-26,1603,Eletrônicos,Oeste,4,172.85,0.12,Carteira digital,4,1.8,608.43,691.4
10604,2023-08-27,1057,Eletrônicos,Oeste,5,255.64,0.02,Pagamento na entrega,9,4.2,1252.64,1278.1999999999998
10605,2023-08-28,1950,Eletrônicos,Leste,2,157.37,0.12,Carteira digital,6,3.7,276.97,314.74
10606,2023-08-29,1345,Eletrônicos,Leste,4,90.57,0.16,Carteira digital,9,1.4,304.32,362.28
10607,2023-08-30,1740,Eletrônicos,Norte,2,516.59,0.33,Cartão,8,3.7,692.23,1033.18
10608,2023-08-31,1473,Casa,Oeste,7,341.59,0.11,Cartão,7,4.7,2128.11,2391.1299999999997
10609,2023-09-01,1116,Beleza,Leste,7,518.9,0.32,Pagamento na entrega,5,1.2,2469.96,3632.2999999999997
10610,2023-09-02,1829,Casa,Norte,4,501.21,0.08,Pagamento na entrega,9,3.5,1844.45,2004.84
10611,2023-09-03,1790,Casa,Sul,3,179.99,0.07,Cartão,4,2.5,502.17,539.97
10612,2023-09-04,1126,Eletrônicos,Leste,6,335.43,0.18,Cartão,4,3.0,1650.32,2012.58
10613,2023-09-05,1392,Eletrônicos,Sul,3,63.68,0.24,Pagamento na entrega,8,3.1,145.19,191.04
10614,2023-09-06,1907,Eletrônicos,Norte,7,550.42,0.02,Cartão,4,4.1,3775.88,3852.9399999999996
10615,2023-09-07,1640,Eletrônicos,Sul,6,251.49,0.08,Carteira digital,7,3.2,1388.22,1508.94
10616,2023-09-08,1057,Roupas,Oeste,3,245.3,0.16,Cartão,4,3.4,618.16,735.9000000000001
10617,2023-09-09,1633,Roupas,Oeste,4,192.11,0.12,Carteira digital,11,2.3,676.23,768.44
10618,2023-09-10,1512,Roupas,Sul,2,284.49,0.25,Cartão,1,1.5,426.74,568.98
10619,2023-09-11,1750,Roupas,Oeste,6,162.28,0.18,Cartão,10,3.7,798.42,973.6800000000001
10620,2023-09-12,1801,Casa,Norte,5,234.29,0.06,Cartão,9,1.0,1101.16,1171.45
10621,2023-09-13,1095,Casa,Oeste,1,482.97,0.31,Carteira digital,4,2.3,333.25,482.97
10622,2023-09-14,1637,Eletrônicos,Sul,6,503.04,0.1,Cartão,3,1.9,2716.42,3018.2400000000002
10623,2023-09-15,1117,Beleza,Sul,6,192.95,0.26,Pagamento na entrega,3,2.6,856.7,1157.6999999999998
10624,2023-09-16,1559,Beleza,Sul,5,289.37,0.27,Carteira digital,9,2.2,1056.2,1446.85
10625,2023-09-17,1600,Eletrônicos,Leste,4,526.18,0.34,Pagamento na entrega,8,3.8,1389.12,2104.72
10626,2023-09-18,1487,Roupas,Sul,3,45.81,0.17,Cartão,10,2.0,114.07,137.43
10627,2023-09-19,1236,Roupas,Norte,3,535.15,0.22,Carteira digital,7,3.2,1252.25,1605.4499999999998
10628,2023-09-20,1884,Beleza,Oeste,7,143.22,0.12,Carteira digital,7,2.8,882.24,1002.54
10629,2023-09-21,1896,Beleza,Oeste,2,411.95,0.24,Cartão,4,4.2,626.16,823.9
10630,2023-09-22,1271,Eletrônicos,Leste,4,355.79,0.16,Pagamento na entrega,3,2.7,1195.45,1423.16
10631,2023-09-23,1188,Roupas,Leste,5,338.47,0.15,Carteira digital,4,4.5,1438.5,1692.3500000000001
10632,2023-09-24,1998,Roupas,Norte,4,517.73,0.3,Carteira digital,6,1.0,1449.64,2070.92
10633,2023-09-25,1703,Roupas,Sul,4,74.42,0.02,Cartão,4,3.4,291.73,297.68
10634,2023-09-26,1446,Eletrônicos,Leste,3,218.01,0.31,Carteira digital,4,1.0,451.28,654.03
10635,2023-09-27,1580,Beleza,Oeste,5,329.88,0.3,Cartão,2,3.9,1154.58,1649.4
10636,2023-09-28,1789,Casa,Leste,1,489.6,0.18,Cartão,7,1.9,401.47,489.6
10637,2023-09-29,1860,Casa,Leste,6,141.62,0.17,Cartão,6,2.5,705.27,849.72
10638,2023-09-30,1246,Beleza,Sul,3,484.71,0.13,Cartão,2,2.5,1265.09,1454.1299999999999
10639,2023-10-01,1962,Casa,Leste,5,248.79,0.35,Pagamento na entrega,5,4.4,808.57,1243.95
10640,2023-10-02,1075,Roupas,Norte,2,125.51,0.04,Pagamento na entrega,6,1.4,240.98,251.02
10641,2023-10-03,1153,Roupas,Oeste,6,459.01,0.21,Cartão,5,3.7,2175.71,2754.06
10642,2023-10-04,1655,Eletrônicos,Sul,6,68.18,0.24,Cartão,4,4.9,310.9,409.08000000000004
10643,2023-10-05,1434,Casa,Oeste,3,316.14,0.33,Cartão,11,1.1,635.44,948.42
10644,2023-10-06,1996,Eletrônicos,Norte,7,52.37,0.27,Carteira digital,11,4.9,267.61,366.59
10645,2023-10-07,1085,Casa,Norte,2,223.5,0.23,Carteira digital,9,1.1,344.19,447.0
10646,2023-10-08,1696,Eletrônicos,Leste,3,366.63,0.04,Cartão,3,4.4,1055.89,1099.8899999999999
10647,2023-10-09,1284,Eletrônicos,Leste,4,340.33,0.13,Carteira digital,11,4.8,1184.35,1361.32
10648,2023-10-10,1973,Eletrônicos,Leste,7,251.72,0.05,Cartão,2,5.0,1673.94,1762.04
10649,2023-10-11,1219,Eletrônicos,Oeste,5,265.99,0.31,Pagamento na entrega,9,2.8,917.67,1329.95
10650,2023-10-12,1068,Casa,Norte,2,147.66,0.26,Carteira digital,8,4.5,218.54,295.32
10651,2023-10-13,1046,Casa,Sul,6,281.69,0.27,Cartão,9,1.5,1233.8,1690.1399999999999
10652,2023-10-14,1093,Roupas,Leste,3,572.65,0.23,Pagamento na entrega,10,2.7,1322.82,1717.9499999999998
10653,2023-10-15,1749,Eletrônicos,Oeste,6,512.51,0.18,Cartão,11,2.2,2521.55,3075.06
10654,2023-10-16,1957,Eletrônicos,Leste,2,99.96,0.05,Cartão,3,2.6,189.92,199.92
10655,2023-10-17,1452,Eletrônicos,Norte,6,32.42,0.12,Pagamento na entrega,1,3.8,171.18,194.52
10656,2023-10-18,1203,Eletrônicos,Sul,3,561.11,0.05,Carteira digital,11,1.3,1599.16,1683.33
10657,2023-10-19,1911,Beleza,Norte,7,323.15,0.25,Pagamento na entrega,1,5.0,1696.54,2262.0499999999997
10658,2023-10-20,1217,Eletrônicos,Oeste,3,329.64,0.06,Carteira digital,3,3.5,929.58,988.92
10659,2023-10-21,1473,Roupas,Leste,1,471.72,0.25,Carteira digital,4,4.5,353.79,471.72
10660,2023-10-22,1431,Eletrônicos,Norte,6,199.09,0.24,Cartão,2,4.3,907.85,1194.54
10661,2023-10-23,1340,Eletrônicos,Oeste,1,296.92,0.16,Cartão,8,4.1,249.41,296.92
10662,2023-10-24,1550,Roupas,Leste,7,581.67,0.05,Pagamento na entrega,3,1.2,3868.11,4071.6899999999996
10663,2023-10-25,1611,Roupas,Sul,1,408.21,0.11,Pagamento na entrega,4,3.1,363.31,408.21
10664,2023-10-26,1288,Eletrônicos,Norte,6,104.94,0.11,Cartão,6,2.3,560.38,629.64
10665,2023-10-27,1253,Eletrônicos,Leste,2,92.94,0.25,Carteira digital,10,1.5,139.41,185.88
10666,2023-10-28,1733,Roupas,Leste,4,134.49,0.04,Pagamento na entrega,6,2.4,516.44,537.96
10667,2023-10-29,1356,Eletrônicos,Leste,7,463.53,0.29,Cartão,2,3.6,2303.74,3244.71
10668,2023-10-30,1022,Eletrônicos,Leste,3,187.8,0.27,Pagamento na entrega,6,1.9,411.28,563.4000000000001
10669,2023-10-31,1761,Beleza,Norte,5,27.51,0.07,Cartão,4,2.8,127.92,137.55
10670,2023-11-01,1521,Roupas,Leste,7,567.34,0.25,Pagamento na entrega,5,2.6,2978.54,3971.38
10671,2023-11-02,1757,Roupas,Oeste,1,114.28,0.23,Carteira digital,7,1.2,88.0,114.28
10672,2023-11-03,1836,Roupas,Norte,2,20.59,0.26,Carteira digital,7,3.5,30.47,41.18
10673,2023-11-04,1099,Roupas,Leste,6,153.72,0.07,Cartão,6,3.5,857.76,922.3199999999999
10674,2023-11-05,1801,Roupas,Norte,2,152.49,0.06,Pagamento na entrega,10,4.9,286.68,304.98
10675,2023-11-06,1179,Casa,Oeste,2,261.87,0.08,Pagamento na entrega,6,2.2,481.84,523.74
10676,2023-11-07,1222,Casa,Oeste,6,553.43,0.13,Cartão,6,2.7,2888.9,3320.58
10677,2023-11-08,1905,Eletrônicos,Norte,5,529.32,0.28,Cartão,4,2.6,1905.55,2646.6000000000004
10678,2023-11-09,1761,Roupas,Leste,6,282.28,0.26,Pagamento na entrega,3,4.7,1253.32,1693.6799999999998
10679,2023-11-10,1658,Roupas,Leste,5,255.38,0.32,Pagamento na entrega,1,2.6,868.29,1276.9
10680,2023-11-11,1441,Beleza,Oeste,6,339.68,0.02,Cartão,3,2.8,1997.32,2038.08
10681,2023-11-12,1607,Roupas,Leste,1,157.42,0.0,Cartão,3,2.0,157.42,157.42
10682,2023-11-13,1768,Roupas,Oeste,5,45.53,0.24,Cartão,9,1.0,173.01,227.65
10683,2023-11-14,1324,Eletrônicos,Leste,1,564.45,0.1,Cartão,3,1.4,508.01,564.45
10684,2023-11-15,1515,Roupas,Oeste,7,124.22,0.12,Pagamento na entrega,8,3.8,765.2,869.54
10685,2023-11-16,1015,Eletrônicos,Sul,5,131.06,0.19,Cartão,8,3.7,530.79,655.3
10686,2023-11-17,1791,Eletrônicos,Leste,5,291.39,0.04,Cartão,3,2.3,1398.67,1456.9499999999998
10687,2023-11-18,1335,Eletrônicos,Leste,6,302.59,0.22,Carteira digital,10,2.9,1416.12,1815.54
10688,2023-11-19,1758,Casa,Leste,5,25.78,0.11,Cartão,10,2.2,114.72,128.9
10689,2023-11-20,1257,Eletrônicos,Norte,1,101.55,0.22,Pagamento na entrega,6,3.9,79.21,101.55
10690,2023-11-21,1496,Roupas,Leste,7,236.22,0.29,Carteira digital,8,4.4,1174.01,1653.54
10691,2023-11-22,1987,Beleza,Norte,6,414.98,0.06,Pagamento na entrega,8,4.6,2340.49,2489.88
10692,2023-11-23,1895,Eletrônicos,Norte,3,148.62,0.33,Pagamento na entrega,10,1.7,298.73,445.86
10693,2023-11-24,1159,Roupas,Oeste,7,262.46,0.19,Cartão,10,3.8,1488.15,1837.2199999999998
10694,2023-11-25,1474,Roupas,Norte,7,341.05,0.32,Cartão,9,4.9,1623.4,2387.35
10695,2023-11-26,1851,Eletrônicos,Norte,1,534.83,0.07,Pagamento na entrega,9,3.6,497.39,534.83
10696,2023-11-27,1663,Casa,Sul,7,205.75,0.21,Pagamento na entrega,8,2.4,1137.8,1440.25
10697,2023-11-28,1907,Eletrônicos,Leste,3,93.13,0.14,Cartão,7,3.5,240.28,279.39
10698,2023-11-29,1689,Roupas,Norte,2,301.22,0.27,Pagamento na entrega,10,3.8,439.78,602.44
10699,2023-11-30,1674,Roupas,Leste,6,451.83,0.21,Carteira digital,3,2.6,2141.67,2710.98
10700,2023-12-01,1379,Roupas,Norte,2,79.27,0.17,Cartão,7,1.4,131.59,158.54
10701,2023-12-02,1544,Casa,Oeste,6,263.44,0.32,Pagamento na entrega,4,3.4,1074.84,1580.6399999999999
10702,2023-12-03,1928,Eletrônicos,Sul,7,25.4,0.13,Pagamento na entrega,2,4.2,154.69,177.79999999999998
10703,2023-12-04,1956,Eletrônicos,Norte,6,34.63,0.08,Carteira digital,8,5.0,191.16,207.78000000000003
10704,2023-12-05,1690,Casa,Leste,1,297.53,0.21,Carteira digital,2,1.9,235.05,297.53
10705,2023-12-06,1426,Roupas,Oeste,3,189.45,0.22,Pagamento na entrega,1,3.8,443.31,568.3499999999999
10706,2023-12-07,1612,Casa,Leste,6,509.39,0.15,Cartão,5,1.1,2597.89,3056.34
10707,2023-12-08,1267,Casa,Oeste,3,367.26,0.17,Cartão,10,4.9,914.48,1101.78
10708,2023-12-09,1834,Casa,Sul,6,280.55,0.34,Cartão,9,1.1,1110.98,1683.3000000000002
10709,2023-12-10,1576,Roupas,Oeste,3,253.64,0.26,Pagamento na entrega,5,2.4,563.08,760.92
10710,2023-12-11,1416,Eletrônicos,Leste,2,305.89,0.04,Pagamento na entrega,11,1.3,587.31,611.78
10711,2023-12-12,1167,Casa,Leste,1,38.66,0.07,Carteira digital,2,3.5,35.95,38.66
10712,2023-12-13,1841,Roupas,Norte,6,537.28,0.34,Pagamento na entrega,10,2.4,2127.63,3223.68
10713,2023-12-14,1042,Eletrônicos,Oeste,4,599.01,0.25,Pagamento na entrega,4,3.9,1797.03,2396.04
10714,2023-12-15,1555,Beleza,Leste,3,121.17,0.32,Pagamento na entrega,8,2.9,247.19,363.51
10715,2023-12-16,1284,Beleza,Norte,3,85.42,0.11,Cartão,7,2.7,228.07,256.26
10716,2023-12-17,1396,Roupas,Sul,4,98.99,0.26,Pagamento na entrega,5,2.4,293.01,395.96
10717,2023-12-18,1011,Eletrônicos,Leste,1,401.7,0.25,Pagamento na entrega,4,1.3,301.27,401.7
10718,2023-12-19,1606,Roupas,Norte,3,401.94,0.1,Carteira digital,5,1.8,1085.24,1205.82
10719,2023-12-20,1301,Casa,Leste,1,511.04,0.19,Cartão,7,3.6,413.94,511.04
10720,2023-12-21,1897,Beleza,Oeste,3,454.82,0.22,Carteira digital,5,3.0,1064.28,1364.46
10721,2023-12-22,1252,Eletrônicos,Norte,7,278.07,0.17,Pagamento na entrega,8,1.3,1615.59,1946.49
10722,2023-12-23,1498,Eletrônicos,Oeste,5,373.52,0.29,Cartão,7,3.2,1326.0,1867.6
10723,2023-12-24,1753,Beleza,Sul,7,417.65,0.29,Cartão,7,1.2,2075.72,2923.5499999999997
10724,2023-12-25,1034,Roupas,Oeste,3,314.95,0.3,Cartão,9,3.0,661.39,944.8499999999999
10725,2023-12-26,1726,Roupas,Norte,5,293.26,0.28,Pagamento na entrega,8,4.9,1055.74,1466.3
10726,2023-12-27,1848,Beleza,Leste,6,392.38,0.17,Cartão,8,2.2,1954.05,2354.2799999999997
10727,2023-12-28,1089,Eletrônicos,Norte,1,341.12,0.13,Cartão,6,3.9,296.77,341.12
10728,2023-12-29,1775,Roupas,Oeste,3,391.71,0.29,Carteira digital,7,4.0,834.34,1175.1299999999999
10729,2023-12-30,1604,Eletrônicos,Oeste,2,373.52,0.17,Pagamento na entrega,8,2.6,620.04,747.04
10730,2023-12-31,1921,Roupas,Leste,2,435.73,0.09,Pagamento na entrega,5,3.4,793.03,871.46
10731,2024-01-01,1969,Casa,Sul,4,391.04,0.18,Cartão,10,2.9,1282.61,1564.16
10732,2024-01-02,1601,Roupas,Norte,2,319.05,0.05,Pagamento na entrega,2,2.1,606.2,638.1
10733,2024-01-03,1417,Beleza,Leste,5,413.85,0.24,Cartão,7,4.0,1572.63,2069.25
10734,2024-01-04,1114,Roupas,Leste,2,277.95,0.12,Carteira digital,10,3.8,489.19,555.9
10735,2024-01-05,1616,Eletrônicos,Leste,2,156.38,0.09,Cartão,3,4.6,284.61,312.76
10736,2024-01-06,1902,Eletrônicos,Norte,2,15.83,0.33,Pagamento na entrega,10,3.5,21.21,31.66
10737,2024-01-07,1195,Roupas,Norte,3,342.58,0.27,Pagamento na entrega,11,2.6,750.25,1027.74
10738,2024-01-08,1825,Roupas,Norte,4,360.53,0.28,Pagamento na entrega,8,3.9,1038.33,1442.12
10739,2024-01-09,1500,Eletrônicos,Sul,1,583.65,0.22,Carteira digital,6,3.5,455.25,583.65
10740,2024-01-10,1625,Roupas,Leste,4,226.46,0.29,Cartão,11,3.5,643.15,905.84
10741,2024-01-11,1492,Roupas,Oeste,5,245.57,0.27,Cartão,4,4.4,896.33,1227.85
10742,2024-01-12,1074,Casa,Oeste,3,133.05,0.21,Pagamento na entrega,2,4.6,315.33,399.15000000000003
10743,2024-01-13,1412,Casa,Leste,6,56.26,0.34,Pagamento na entrega,7,1.7,222.79,337.56
10744,2024-01-14,1375,Casa,Oeste,3,467.09,0.07,Cartão,1,2.3,1303.18,1401.27
10745,2024-01-15,1419,Eletrônicos,Sul,7,161.06,0.33,Cartão,7,3.6,755.37,1127.42
10746,2024-01-16,1728,Eletrônicos,Sul,2,371.21,0.14,Pagamento na entrega,10,3.2,638.48,742.42
10747,2024-01-17,1276,Casa,Norte,2,417.35,0.18,Carteira digital,10,3.6,684.45,834.7
10748,2024-01-18,1760,Roupas,Norte,5,290.67,0.04,Pagamento na entrega,7,2.7,1395.22,1453.3500000000001
10749,2024-01-19,1675,Eletrônicos,Norte,6,527.67,0.19,Carteira digital,10,2.6,2564.48,3166.0199999999995
10750,2024-01-20,1393,Casa,Norte,7,274.62,0.21,Pagamento na entrega,3,1.5,1518.65,1922.3400000000001
10751,2024-01-21,1868,Casa,Norte,3,181.67,0.35,Cartão,4,3.5,354.26,545.01
10752,2024-01-22,1456,Roupas,Oeste,6,539.17,0.34,Cartão,4,1.7,2135.11,3235.0199999999995
10753,2024-01-23,1919,Eletrônicos,Oeste,1,519.02,0.34,Pagamento na entrega,4,3.7,342.55,519.02
10754,2024-01-24,1191,Casa,Norte,4,110.96,0.12,Pagamento na entrega,9,4.9,390.58,443.84
10755,2024-01-25,1738,Roupas,Sul,3,30.19,0.35,Pagamento na entrega,6,2.0,58.87,90.57000000000001
10756,2024-01-26,1688,Casa,Oeste,6,67.64,0.16,Pagamento na entrega,10,1.6,340.91,405.84000000000003
10757,2024-01-27,1098,Casa,Sul,1,182.63,0.3,Carteira digital,9,1.1,127.84,182.63
10758,2024-01-28,1547,Casa,Sul,1,583.77,0.08,Pagamento na entrega,4,2.5,537.07,583.77
10759,2024-01-29,1977,Roupas,Leste,7,341.73,0.18,Cartão,7,1.9,1961.53,2392.11
10760,2024-01-30,1998,Eletrônicos,Leste,7,233.36,0.34,Cartão,10,3.0,1078.12,1633.52
10761,2024-01-31,1095,Casa,Norte,4,534.9,0.33,Pagamento na entrega,9,3.1,1433.53,2139.6
10762,2024-02-01,1663,Roupas,Sul,1,280.08,0.24,Carteira digital,10,2.4,212.86,280.08
10763,2024-02-02,1662,Casa,Oeste,5,199.41,0.28,Cartão,3,4.0,717.88,997.05
10764,2024-02-03,1189,Eletrônicos,Leste,1,565.61,0.06,Carteira digital,3,4.6,531.67,565.61
10765,2024-02-04,1735,Eletrônicos,Leste,6,511.97,0.25,Carteira digital,6,1.8,2303.87,3071.82
10766,2024-02-05,1036,Beleza,Sul,7,508.55,0.22,Pagamento na entrega,8,4.3,2776.68,3559.85
10767,2024-02-06,1779,Casa,Leste,5,314.69,0.03,Cartão,1,1.5,1526.25,1573.45
10768,2024-02-07,1368,Beleza,Leste,7,476.82,0.04,Cartão,4,1.9,3204.23,3337.74
10769,2024-02-08,1694,Casa,Oeste,7,119.92,0.04,Cartão,8,3.2,805.86,839.44
10770,2024-02-09,1524,Roupas,Sul,7,350.34,0.25,Cartão,6,2.2,1839.28,2452.3799999999997
10771,2024-02-10,1278,Casa,Leste,1,590.55,0.05,Pagamento na entrega,2,1.2,561.02,590.55
10772,2024-02-11,1216,Beleza,Sul,2,185.21,0.16,Cartão,8,2.2,311.15,370.42
10773,2024-02-12,1866,Roupas,Leste,1,479.7,0.12,Pagamento na entrega,1,4.6,422.14,479.7
10774,2024-02-13,1872,Roupas,Oeste,7,301.93,0.19,Cartão,1,1.7,1711.94,2113.51
10775,2024-02-14,1797,Eletrônicos,Sul,5,38.29,0.25,Cartão,7,4.1,143.59,191.45
10776,2024-02-15,1272,Roupas,Leste,1,461.37,0.24,Pagamento na entrega,10,3.9,350.64,461.37
10777,2024-02-16,1880,Casa,Oeste,7,113.61,0.18,Carteira digital,3,1.4,652.12,795.27
10778,2024-02-17,1061,Eletrônicos,Leste,7,384.41,0.16,Pagamento na entrega,8,2.3,2260.33,2690.8700000000003
10779,2024-02-18,1595,Eletrônicos,Sul,1,65.11,0.14,Pagamento na entrega,9,1.8,55.99,65.11
10780,2024-02-19,1879,Eletrônicos,Leste,1,568.92,0.3,Pagamento na entrega,8,1.1,398.24,568.92
10781,2024-02-20,1728,Eletrônicos,Sul,5,185.66,0.12,Pagamento na entrega,1,1.7,816.9,928.3
10782,2024-02-21,1341,Eletrônicos,Sul,1,147.48,0.09,Carteira digital,1,1.8,134.21,147.48
10783,2024-02-22,1396,Roupas,Leste,4,90.54,0.26,Cartão,6,1.7,268.0,362.16
10784,2024-02-23,1698,Beleza,Oeste,6,568.41,0.13,Carteira digital,1,1.4,2967.1,3410.46
10785,2024-02-24,1018,Roupas,Norte,4,431.46,0.3,Cartão,8,3.1,1208.09,1725.84
10786,2024-02-25,1176,Eletrônicos,Oeste,5,448.87,0.11,Carteira digital,6,2.3,1997.47,2244.35
10787,2024-02-26,1611,Eletrônicos,Oeste,2,307.15,0.25,Cartão,5,4.6,460.72,614.3
10788,2024-02-27,1395,Casa,Leste,4,292.72,0.02,Carteira digital,6,1.7,1147.46,1170.88
10789,2024-02-28,1444,Roupas,Oeste,7,79.36,0.13,Carteira digital,4,3.4,483.3,555.52
10790,2024-02-29,1232,Casa,Oeste,6,342.51,0.12,Cartão,1,4.6,1808.45,2055.06
10791,2024-03-01,1914,Casa,Norte,3,159.45,0.29,Carteira digital,7,1.2,339.63,478.34999999999997
10792,2024-03-02,1075,Casa,Oeste,6,586.63,0.34,Cartão,10,3.1,2323.05,3519.7799999999997
10793,2024-03-03,1264,Eletrônicos,Norte,4,481.0,0.16,Cartão,9,2.8,1616.16,1924.0
10794,2024-03-04,1454,Casa,Leste,3,256.6,0.29,Cartão,4,4.7,546.56,769.8000000000001
10795,2024-03-05,1795,Eletrônicos,Norte,5,103.53,0.24,Carteira digital,4,3.7,393.41,517.65
10796,2024-03-06,1717,Beleza,Sul,6,474.42,0.34,Pagamento na entrega,9,2.4,1878.7,2846.52
10797,2024-03-07,1734,Roupas,Sul,2,86.4,0.28,Pagamento na entrega,4,3.8,124.42,172.8
10798,2024-03-08,1383,Eletrônicos,Norte,3,125.76,0.03,Pagamento na entrega,10,3.3,365.96,377.28000000000003
10799,2024-03-09,1563,Eletrônicos,Sul,3,138.74,0.25,Carteira digital,4,2.4,312.17,416.22
10800,2024-03-10,1850,Eletrônicos,Leste,6,340.78,0.19,Pagamento na entrega,8,4.1,1656.19,2044.6799999999998
10801,2024-03-11,1505,Casa,Sul,4,475.43,0.01,Cartão,11,3.7,1882.7,1901.72
10802,2024-03-12,1366,Eletrônicos,Norte,3,198.87,0.09,Cartão,4,1.0,542.92,596.61
10803,2024-03-13,1143,Roupas,Leste,5,64.53,0.32,Cartão,9,4.5,219.4,322.65
10804,2024-03-14,1884,Eletrônicos,Sul,6,286.76,0.32,Pagamento na entrega,11,2.6,1169.98,1720.56
10805,2024-03-15,1068,Casa,Leste,5,452.64,0.28,Cartão,8,3.6,1629.5,2263.2
10806,2024-03-16,1098,Casa,Norte,6,144.67,0.34,Cartão,5,2.6,572.89,868.02
10807,2024-03-17,1395,Casa,Sul,5,143.66,0.28,Carteira digital,9,4.5,517.18,718.3
10808,2024-03-18,1024,Casa,Leste,4,569.13,0.0,Cartão,8,3.6,2276.52,2276.52
10809,2024-03-19,1947,Eletrônicos,Leste,6,573.18,0.1,Pagamento na entrega,10,3.3,3095.17,3439.08
10810,2024-03-20,1890,Eletrônicos,Sul,7,594.42,0.01,Cartão,4,4.9,4119.33,4160.94
10811,2024-03-21,1468,Casa,Leste,2,487.48,0.03,Cartão,4,2.1,945.71,974.96
10812,2024-03-22,1483,Roupas,Leste,4,125.09,0.08,Cartão,1,1.3,460.33,500.36
10813,2024-03-23,1564,Roupas,Norte,5,139.01,0.18,Cartão,4,3.1,569.94,695.05
10814,2024-03-24,1150,Eletrônicos,Norte,6,214.03,0.3,Carteira digital,8,2.7,898.93,1284.18
10815,2024-03-25,1143,Eletrônicos,Norte,4,201.11,0.3,Cartão,5,2.8,563.11,804.44
10816,2024-03-26,1568,Eletrônicos,Norte,5,574.57,0.22,Cartão,6,3.5,2240.82,2872.8500000000004
10817,2024-03-27,1038,Beleza,Norte,1,476.61,0.32,Pagamento na entrega,4,3.5,324.09,476.61
10818,2024-03-28,1108,Eletrônicos,Norte,1,438.55,0.18,Pagamento na entrega,5,2.6,359.61,438.55
10819,2024-03-29,1692,Roupas,Sul,3,123.79,0.31,Pagamento na entrega,10,4.5,256.25,371.37
10820,2024-03-30,1041,Eletrônicos,Norte,2,547.07,0.16,Carteira digital,8,3.6,919.08,1094.14
10821,2024-03-31,1185,Casa,Leste,1,499.3,0.1,Pagamento na entrega,9,4.6,449.37,499.3
10822,2024-04-01,1934,Eletrônicos,Sul,7,110.73,0.32,Cartão,3,4.7,527.07,775.11
10823,2024-04-02,1397,Beleza,Leste,5,524.63,0.14,Carteira digital,10,1.7,2255.91,2623.15
10824,2024-04-03,1222,Beleza,Norte,4,174.26,0.18,Pagamento na entrega,4,3.7,571.57,697.04
10825,2024-04-04,1633,Eletrônicos,Norte,6,62.31,0.12,Cartão,1,2.3,329.0,373.86
10826,2024-04-05,1132,Beleza,Leste,4,399.24,0.23,Cartão,11,4.3,1229.66,1596.96
10827,2024-04-06,1162,Beleza,Leste,3,397.48,0.35,Cartão,5,3.9,775.09,1192.44
10828,2024-04-07,1214,Casa,Leste,4,70.54,0.01,Cartão,4,1.8,279.34,282.16
10829,2024-04-08,1732,Casa,Oeste,1,201.53,0.31,Cartão,6,4.8,139.06,201.53
10830,2024-04-09,1234,Eletrônicos,Oeste,4,595.8,0.0,Cartão,6,3.7,2383.2,2383.2
10831,2024-04-10,1842,Roupas,Oeste,1,411.88,0.13,Carteira digital,10,4.8,358.34,411.88
10832,2024-04-11,1657,Eletrônicos,Oeste,1,442.09,0.06,Carteira digital,6,1.8,415.56,442.09
10833,2024-04-12,1750,Eletrônicos,Sul,2,139.56,0.27,Pagamento na entrega,3,4.5,203.76,279.12
10834,2024-04-13,1587,Beleza,Norte,3,61.09,0.02,Carteira digital,7,3.7,179.6,183.27
10835,2024-04-14,1008,Eletrônicos,Leste,7,176.99,0.19,Cartão,3,3.2,1003.53,1238.93
10836,2024-04-15,1073,Casa,Norte,7,160.61,0.1,Carteira digital,6,4.3,1011.84,1124.27
10837,2024-04-16,1953,Casa,Leste,5,152.21,0.05,Pagamento na entrega,10,3.5,723.0,761.0500000000001
10838,2024-04-17,1491,Beleza,Norte,7,127.76,0.27,Cartão,1,3.7,652.85,894.32
10839,2024-04-18,1912,Beleza,Sul,1,351.23,0.08,Cartão,8,2.0,323.13,351.23
10840,2024-04-19,1252,Eletrônicos,Oeste,6,206.94,0.08,Cartão,7,4.3,1142.31,1241.6399999999999
10841,2024-04-20,1229,Eletrônicos,Norte,3,494.9,0.1,Cartão,9,3.6,1336.23,1484.6999999999998
10842,2024-04-21,1518,Roupas,Leste,5,122.61,0.21,Cartão,3,4.4,484.31,613.05
10843,2024-04-22,1173,Eletrônicos,Norte,7,286.81,0.23,Cartão,8,2.4,1545.91,2007.67
10844,2024-04-23,1652,Eletrônicos,Sul,7,22.99,0.01,Cartão,2,2.3,159.32,160.92999999999998
10845,2024-04-24,1167,Roupas,Sul,6,296.78,0.08,Cartão,9,1.1,1638.23,1780.6799999999998
10846,2024-04-25,1169,Casa,Norte,4,47.67,0.15,Carteira digital,1,4.1,162.08,190.68
10847,2024-04-26,1392,Roupas,Oeste,3,586.97,0.12,Cartão,10,2.3,1549.6,1760.91
10848,2024-04-27,1945,Eletrônicos,Leste,6,477.5,0.31,Cartão,7,2.3,1976.85,2865.0
10849,2024-04-28,1794,Casa,Sul,7,301.72,0.28,Pagamento na entrega,10,3.8,1520.67,2112.04
10850,2024-04-29,1633,Eletrônicos,Sul,3,65.65,0.22,Carteira digital,1,2.0,153.62,196.95000000000002
10851,2024-04-30,1193,Eletrônicos,Norte,3,361.58,0.12,Cartão,6,4.6,954.57,1084.74
10852,2024-05-01,1516,Casa,Sul,7,458.88,0.25,Carteira digital,1,3.2,2409.12,3212.16
10853,2024-05-02,1028,Roupas,Sul,4,126.57,0.3,Cartão,4,4.9,354.4,506.28
10854,2024-05-03,1164,Casa,Leste,4,347.4,0.21,Cartão,7,1.3,1097.78,1389.6
10855,2024-05-04,1421,Eletrônicos,Oeste,7,491.31,0.27,Cartão,2,2.3,2510.59,3439.17
10856,2024-05-05,1338,Casa,Leste,3,464.42,0.26,Pagamento na entrega,3,2.5,1031.01,1393.26
10857,2024-05-06,1647,Roupas,Oeste,6,484.75,0.2,Cartão,4,3.9,2326.8,2908.5
10858,2024-05-07,1495,Roupas,Leste,2,529.4,0.11,Pagamento na entrega,6,1.9,942.33,1058.8
10859,2024-05-08,1364,Roupas,Norte,1,563.54,0.26,Cartão,9,2.5,417.02,563.54
10860,2024-05-09,1832,Beleza,Sul,4,252.23,0.07,Pagamento na entrega,4,4.6,938.3,1008.92
10861,2024-05-10,1341,Roupas,Oeste,7,347.73,0.27,Cartão,6,1.5,1776.9,2434.11
10862,2024-05-11,1499,Roupas,Norte,2,477.54,0.28,Pagamento na entrega,7,4.0,687.66,955.08
10863,2024-05-12,1656,Beleza,Sul,4,422.83,0.29,Pagamento na entrega,4,3.8,1200.84,1691.32
10864,2024-05-13,1510,Casa,Sul,3,597.38,0.17,Pagamento na entrega,6,1.5,1487.48,1792.1399999999999
10865,2024-05-14,1326,Roupas,Sul,7,23.0,0.07,Cartão,3,3.8,149.73,161.0
10866,2024-05-15,1216,Casa,Leste,2,222.75,0.03,Carteira digital,5,3.3,432.14,445.5
10867,2024-05-16,1300,Roupas,Norte,7,179.4,0.26,Pagamento na entrega,11,2.2,929.29,1255.8
10868,2024-05-17,1131,Eletrônicos,Norte,6,168.45,0.31,Cartão,10,2.2,697.38,1010.6999999999999
10869,2024-05-18,1803,Roupas,Sul,6,145.18,0.23,Carteira digital,4,4.3,670.73,871.08
10870,2024-05-19,1069,Beleza,Oeste,5,429.84,0.05,Pagamento na entrega,7,1.9,2041.74,2149.2
10871,2024-05-20,1251,Beleza,Norte,1,64.58,0.33,Pagamento na entrega,6,3.1,43.27,64.58
10872,2024-05-21,1414,Eletrônicos,Leste,1,448.84,0.35,Cartão,7,3.7,291.75,448.84
10873,2024-05-22,1786,Roupas,Oeste,4,420.65,0.15,Pagamento na entrega,6,1.5,1430.21,1682.6
10874,2024-05-23,1444,Eletrônicos,Oeste,1,161.72,0.21,Cartão,2,4.7,127.76,161.72
10875,2024-05-24,1875,Beleza,Oeste,7,162.91,0.27,Cartão,7,2.0,832.47,1140.37
10876,2024-05-25,1181,Beleza,Oeste,7,382.88,0.26,Cartão,8,2.3,1983.32,2680.16
10877,2024-05-26,1166,Roupas,Norte,5,460.87,0.34,Pagamento na entrega,7,3.7,1520.87,2304.35
10878,2024-05-27,1090,Casa,Sul,6,527.74,0.04,Cartão,4,1.3,3039.78,3166.44
10879,2024-05-28,1713,Casa,Oeste,2,513.5,0.2,Carteira digital,4,3.5,821.6,1027.0
10880,2024-05-29,1857,Roupas,Leste,2,579.46,0.24,Cartão,5,4.7,880.78,1158.92
10881,2024-05-30,1530,Eletrônicos,Leste,6,355.11,0.31,Cartão,9,2.0,1470.16,2130.66
10882,2024-05-31,1038,Roupas,Sul,3,546.56,0.31,Pagamento na entrega,5,2.4,1131.38,1639.6799999999998
10883,2024-06-01,1125,Casa,Norte,6,487.98,0.34,Pagamento na entrega,2,1.9,1932.4,2927.88
10884,2024-06-02,1450,Casa,Sul,2,538.38,0.18,Cartão,5,4.3,882.94,1076.76
10885,2024-06-03,1172,Roupas,Oeste,4,21.8,0.29,Cartão,3,1.7,61.91,87.2
10886,2024-06-04,1652,Beleza,Norte,5,580.05,0.15,Cartão,10,2.4,2465.21,2900.25
10887,2024-06-05,1753,Eletrônicos,Norte,6,292.02,0.15,Pagamento na entrega,8,3.4,1489.3,1752.12
10888,2024-06-06,1219,Roupas,Oeste,3,481.94,0.09,Cartão,10,2.6,1315.7,1445.82
10889,2024-06-07,1637,Casa,Leste,4,89.41,0.29,Pagamento na entrega,10,1.3,253.92,357.64
10890,2024-06-08,1057,Casa,Oeste,6,246.63,0.35,Pagamento na entrega,2,4.8,961.86,1479.78
10891,2024-06-09,1659,Roupas,Sul,4,173.8,0.09,Cartão,11,2.4,632.63,695.2
10892,2024-06-10,1475,Eletrônicos,Oeste,6,185.62,0.02,Cartão,4,2.8,1091.45,1113.72
10893,2024-06-11,1455,Eletrônicos,Leste,4,87.1,0.29,Cartão,5,1.7,247.36,348.4
10894,2024-06-12,1828,Roupas,Oeste,7,486.37,0.22,Cartão,4,4.5,2655.58,3404.59
10895,2024-06-13,1894,Roupas,Sul,1,20.41,0.34,Pagamento na entrega,5,2.2,13.47,20.41
10896,2024-06-14,1360,Eletrônicos,Sul,4,197.82,0.09,Pagamento na entrega,10,1.1,720.06,791.28
10897,2024-06-15,1934,Casa,Leste,7,117.03,0.02,Pagamento na entrega,11,2.3,802.83,819.21
10898,2024-06-16,1000,Roupas,Sul,1,359.59,0.17,Cartão,4,4.9,298.46,359.59
10899,2024-06-17,1386,Casa,Sul,2,163.74,0.03,Carteira digital,3,1.6,317.66,327.48
10900,2024-06-18,1972,Casa,Oeste,1,166.51,0.09,Cartão,1,1.1,151.52,166.51
10901,2024-06-19,1347,Eletrônicos,Norte,4,300.68,0.04,Cartão,4,3.3,1154.61,1202.72
10902,2024-06-20,1189,Eletrônicos,Sul,5,396.82,0.08,Pagamento na entrega,9,2.5,1825.37,1984.1
10903,2024-06-21,1504,Casa,Sul,5,85.96,0.04,Carteira digital,1,4.2,412.61,429.79999999999995
10904,2024-06-22,1190,Roupas,Leste,2,117.67,0.33,Cartão,7,3.9,157.68,235.34
10905,2024-06-23,1507,Casa,Leste,4,159.6,0.1,Pagamento na entrega,3,1.7,574.56,638.4
10906,2024-06-24,1368,Casa,Oeste,1,584.64,0.16,Carteira digital,8,3.3,491.1,584.64
10907,2024-06-25,1408,Casa,Oeste,5,247.33,0.31,Pagamento na entrega,6,1.1,853.29,1236.65
10908,2024-06-26,1823,Beleza,Sul,6,365.41,0.24,Cartão,1,2.8,1666.27,2192.46
10909,2024-06-27,1928,Roupas,Norte,3,156.3,0.22,Carteira digital,10,3.9,365.74,468.90000000000003
10910,2024-06-28,1933,Roupas,Norte,4,301.92,0.25,Pagamento na entrega,5,2.7,905.76,1207.68
10911,2024-06-29,1116,Roupas,Oeste,7,58.36,0.29,Pagamento na entrega,8,1.5,290.05,408.52
10912,2024-06-30,1133,Eletrônicos,Leste,7,35.32,0.31,Pagamento na entrega,11,1.2,170.6,247.24
10913,2024-07-01,1057,Roupas,Sul,6,289.21,0.22,Carteira digital,3,4.4,1353.5,1735.2599999999998
10914,2024-07-02,1555,Eletrônicos,Sul,6,248.22,0.31,Cartão,4,4.6,1027.63,1489.32
10915,2024-07-03,1684,Beleza,Norte,4,95.07,0.19,Cartão,7,2.4,308.03,380.28
10916,2024-07-04,1671,Roupas,Oeste,3,417.25,0.1,Pagamento na entrega,11,1.7,1126.58,1251.75
10917,2024-07-05,1172,Roupas,Norte,5,595.85,0.31,Cartão,6,4.9,2055.68,2979.25
10918,2024-07-06,1828,Roupas,Norte,3,246.45,0.19,Cartão,7,3.2,598.87,739.3499999999999
10919,2024-07-07,1814,Eletrônicos,Oeste,2,380.37,0.32,Pagamento na entrega,9,2.9,517.3,760.74
10920,2024-07-08,1148,Eletrônicos,Leste,1,578.34,0.01,Cartão,9,4.0,572.56,578.34
10921,2024-07-09,1079,Roupas,Sul,1,501.45,0.14,Pagamento na entrega,2,1.7,431.25,501.45
10922,2024-07-10,1885,Eletrônicos,Leste,6,286.18,0.33,Carteira digital,3,3.3,1150.44,1717.08
10923,2024-07-11,1212,Roupas,Oeste,5,446.43,0.09,Cartão,4,4.6,2031.26,2232.15
10924,2024-07-12,1202,Beleza,Oeste,3,89.96,0.33,Carteira digital,6,1.1,180.82,269.88
10925,2024-07-13,1763,Beleza,Sul,6,314.58,0.33,Cartão,5,3.7,1264.61,1887.48
10926,2024-07-14,1228,Casa,Leste,4,178.25,0.31,Carteira digital,6,3.2,491.97,713.0
10927,2024-07-15,1675,Eletrônicos,Sul,6,109.28,0.2,Carteira digital,11,4.8,524.54,655.6800000000001
10928,2024-07-16,1226,Beleza,Norte,4,264.37,0.23,Cartão,8,2.0,814.26,1057.48
10929,2024-07-17,1658,Beleza,Norte,4,91.64,0.3,Cartão,2,4.4,256.59,366.56
10930,2024-07-18,1531,Eletrônicos,Norte,2,423.91,0.27,Cartão,6,2.2,618.91,847.82
10931,2024-07-19,1440,Casa,Leste,2,281.9,0.22,Carteira digital,9,2.7,439.76,563.8
10932,2024-07-20,1401,Eletrônicos,Norte,4,325.72,0.34,Carteira digital,5,1.9,859.9,1302.88
10933,2024-07-21,1046,Casa,Sul,5,100.63,0.24,Cartão,1,4.5,382.39,503.15
10934,2024-07-22,1232,Beleza,Leste,2,96.77,0.34,Pagamento na entrega,8,1.8,127.74,193.54
10935,2024-07-23,1304,Eletrônicos,Sul,2,356.3,0.02,Cartão,4,4.4,698.35,712.6
10936,2024-07-24,1525,Beleza,Oeste,1,591.23,0.05,Pagamento na entrega,8,2.8,561.67,591.23
10937,2024-07-25,1142,Roupas,Leste,6,71.31,0.16,Carteira digital,4,4.3,359.4,427.86
10938,2024-07-26,1414,Beleza,Sul,1,182.15,0.13,Cartão,11,2.1,158.47,182.15
10939,2024-07-27,1512,Roupas,Sul,5,523.63,0.27,Carteira digital,8,1.5,1911.25,2618.15
10940,2024-07-28,1372,Casa,Leste,2,57.28,0.06,Carteira digital,9,3.2,107.69,114.56
10941,2024-07-29,1565,Eletrônicos,Oeste,7,527.39,0.34,Carteira digital,5,3.0,2436.54,3691.73
10942,2024-07-30,1885,Eletrônicos,Leste,2,321.71,0.11,Cartão,5,2.4,572.64,643.42
10943,2024-07-31,1258,Eletrônicos,Norte,3,253.84,0.15,Cartão,2,3.7,647.29,761.52
10944,2024-08-01,1655,Beleza,Norte,5,196.16,0.1,Cartão,9,1.4,882.72,980.8
10945,2024-08-02,1470,Casa,Oeste,7,188.81,0.2,Pagamento na entrega,11,3.5,1057.34,1321.67
10946,2024-08-03,1952,Beleza,Sul,6,193.89,0.02,Pagamento na entrega,4,1.8,1140.07,1163.34
10947,2024-08-04,1970,Beleza,Sul,6,532.61,0.05,Cartão,3,1.5,3035.88,3195.66
10948,2024-08-05,1011,Eletrônicos,Sul,7,438.42,0.26,Pagamento na entrega,2,4.6,2271.02,3068.94
10949,2024-08-06,1329,Roupas,Leste,6,406.79,0.07,Cartão,3,2.8,2269.89,2440.7400000000002
10950,2024-08-07,1735,Eletrônicos,Leste,7,482.27,0.08,Cartão,4,4.1,3105.82,3375.89
10951,2024-08-08,1783,Eletrônicos,Oeste,5,165.41,0.28,Cartão,9,1.4,595.48,827.05
10952,2024-08-09,1967,Eletrônicos,Norte,7,376.56,0.03,Cartão,6,1.2,2556.84,2635.92
10953,2024-08-10,1357,Roupas,Sul,7,284.14,0.15,Cartão,10,3.0,1690.63,1988.98
10954,2024-08-11,1971,Eletrônicos,Norte,3,472.73,0.01,Cartão,5,2.3,1404.01,1418.19
10955,2024-08-12,1407,Eletrônicos,Leste,3,195.91,0.12,Carteira digital,9,1.0,517.2,587.73
10956,2024-08-13,1667,Eletrônicos,Leste,1,391.26,0.24,Pagamento na entrega,8,1.7,297.36,391.26
10957,2024-08-14,1372,Eletrônicos,Leste,5,531.09,0.03,Cartão,6,1.9,2575.79,2655.4500000000003
10958,2024-08-15,1007,Beleza,Norte,5,250.26,0.31,Pagamento na entrega,3,2.2,863.4,1251.3
10959,2024-08-16,1121,Casa,Oeste,3,53.97,0.32,Pagamento na entrega,7,4.5,110.1,161.91
10960,2024-08-17,1347,Beleza,Oeste,4,316.89,0.04,Cartão,10,2.7,1216.86,1267.56
10961,2024-08-18,1675,Roupas,Leste,4,217.39,0.35,Pagamento na entrega,6,3.7,565.21,869.56
10962,2024-08-19,1089,Eletrônicos,Sul,1,408.25,0.1,Pagamento na entrega,11,1.1,367.42,408.25
10963,2024-08-20,1647,Casa,Norte,4,571.35,0.03,Pagamento na entrega,8,4.3,2216.84,2285.4
10964,2024-08-21,1697,Eletrônicos,Leste,4,299.08,0.0,Pagamento na entrega,6,2.0,1196.32,1196.32
10965,2024-08-22,1315,Eletrônicos,Norte,4,287.72,0.14,Pagamento na entrega,11,2.2,989.76,1150.88
10966,2024-08-23,1177,Eletrônicos,Norte,2,397.93,0.22,Cartão,10,1.2,620.77,795.86
10967,2024-08-24,1539,Eletrônicos,Oeste,1,75.55,0.12,Carteira digital,4,2.6,66.48,75.55
10968,2024-08-25,1731,Eletrônicos,Leste,3,163.3,0.29,Cartão,10,4.4,347.83,489.90000000000003
10969,2024-08-26,1868,Roupas,Oeste,4,552.6,0.25,Carteira digital,7,2.5,1657.8,2210.4
10970,2024-08-27,1040,Casa,Leste,6,406.92,0.12,Cartão,7,4.6,2148.54,2441.52
10971,2024-08-28,1739,Eletrônicos,Norte,7,22.86,0.26,Cartão,11,4.5,118.41,160.01999999999998
10972,2024-08-29,1703,Eletrônicos,Oeste,2,134.71,0.33,Pagamento na entrega,8,1.2,180.51,269.42
10973,2024-08-30,1922,Casa,Norte,4,414.46,0.03,Cartão,2,2.2,1608.1,1657.84
10974,2024-08-31,1501,Eletrônicos,Leste,7,462.17,0.11,Carteira digital,11,4.6,2879.32,3235.19
10975,2024-09-01,1958,Eletrônicos,Sul,7,506.32,0.16,Cartão,6,1.1,2977.16,3544.24
10976,2024-09-02,1144,Beleza,Oeste,2,185.92,0.17,Pagamento na entrega,3,4.1,308.63,371.84
10977,2024-09-03,1200,Eletrônicos,Oeste,1,559.65,0.19,Cartão,8,4.6,453.32,559.65
10978,2024-09-04,1928,Eletrônicos,Norte,6,338.47,0.11,Cartão,4,4.1,1807.43,2030.8200000000002
10979,2024-09-05,1723,Roupas,Norte,6,422.48,0.23,Cartão,4,4.0,1951.86,2534.88
10980,2024-09-06,1460,Eletrônicos,Sul,6,364.09,0.23,Pagamento na entrega,2,4.4,1682.1,2184.54
10981,2024-09-07,1731,Roupas,Oeste,4,86.8,0.2,Pagamento na entrega,6,3.7,277.76,347.2
10982,2024-09-08,1751,Casa,Leste,2,578.42,0.04,Pagamento na entrega,6,2.7,1110.57,1156.84
10983,2024-09-09,1924,Eletrônicos,Leste,6,86.88,0.17,Carteira digital,1,1.3,432.66,521.28
10984,2024-09-10,1908,Roupas,Oeste,7,164.11,0.12,Pagamento na entrega,8,4.2,1010.92,1148.77
10985,2024-09-11,1557,Roupas,Oeste,7,490.97,0.17,Carteira digital,3,4.6,2852.54,3436.79
10986,2024-09-12,1546,Eletrônicos,Oeste,5,376.88,0.32,Cartão,1,3.0,1281.39,1884.4
10987,2024-09-13,1252,Roupas,Sul,5,505.32,0.17,Cartão,10,3.1,2097.08,2526.6
10988,2024-09-14,1389,Eletrônicos,Leste,2,316.71,0.0,Cartão,1,2.6,633.42,633.42
10989,2024-09-15,1593,Roupas,Leste,4,235.54,0.15,Cartão,1,4.4,800.84,942.16
10990,2024-09-16,1882,Eletrônicos,Norte,4,554.28,0.29,Pagamento na entrega,5,1.1,1574.16,2217.12
10991,2024-09-17,1255,Roupas,Norte,1,36.21,0.27,Pagamento na entrega,5,3.5,26.43,36.21
10992,2024-09-18,1708,Eletrônicos,Oeste,1,515.84,0.18,Pagamento na entrega,1,4.6,422.99,515.84
10993,2024-09-19,1814,Casa,Norte,6,150.03,0.09,Pagamento na entrega,5,1.4,819.16,900.1800000000001
10994,2024-09-20,1920,Eletrônicos,Sul,3,511.51,0.16,Carteira digital,7,4.8,1289.01,1534.53
10995,2024-09-21,1449,Roupas,Leste,7,96.43,0.2,Carteira digital,5,4.9,540.01,675.01
10996,2024-09-22,1009,Roupas,Leste,1,354.43,0.35,Cartão,9,4.7,230.38,354.43
10997,2024-09-23,1823,Casa,Norte,4,534.54,0.23,Cartão,4,2.9,1646.38,2138.16
10998,2024-09-24,1797,Roupas,Oeste,7,292.02,0.24,Cartão,9,2.5,1553.55,2044.1399999999999
10999,2024-09-25,1241,Casa,Norte,3,451.74,0.17,Cartão,8,3.8,1124.83,1355.22
11000,2024-09-26,1250,Casa,Oeste,1,485.73,0.12,Pagamento na entrega,1,2.3,427.44,485.73
11001,2024-09-27,1876,Beleza,Sul,2,445.85,0.28,Pagamento na entrega,4,1.3,642.02,891.7
11002,2024-09-28,1004,Eletrônicos,Leste,5,556.32,0.17,Cartão,7,4.6,2308.73,2781.6000000000004
11003,2024-09-29,1118,Roupas,Sul,1,276.4,0.35,Pagamento na entrega,1,3.5,179.66,276.4
11004,2024-09-30,1800,Casa,Leste,1,116.28,0.16,Pagamento na entrega,8,1.8,97.68,116.28
11005,2024-10-01,1373,Beleza,Sul,2,42.97,0.02,Cartão,11,1.1,84.22,85.94
11006,2024-10-02,1064,Beleza,Norte,4,159.18,0.24,Cartão,2,3.9,483.91,636.72
11007,2024-10-03,1145,Roupas,Sul,6,98.77,0.02,Carteira digital,8,4.4,580.77,592.62
11008,2024-10-04,1223,Eletrônicos,Sul,2,341.4,0.09,Pagamento na entrega,11,2.6,621.35,682.8
11009,2024-10-05,1238,Roupas,Norte,6,123.19,0.12,Cartão,4,1.3,650.44,739.14
11010,2024-10-06,1176,Casa,Leste,1,37.78,0.26,Cartão,8,3.6,27.96,37.78
11011,2024-10-07,1778,Roupas,Leste,4,36.05,0.17,Cartão,1,2.2,119.69,144.2
11012,2024-10-08,1852,Roupas,Norte,3,501.47,0.01,Cartão,5,1.6,1489.37,1504.41
11013,2024-10-09,1281,Casa,Sul,1,361.0,0.22,Carteira digital,9,3.0,281.58,361.0
11014,2024-10-10,1062,Roupas,Sul,2,224.48,0.14,Cartão,7,2.9,386.11,448.96
11015,2024-10-11,1216,Beleza,Sul,3,538.12,0.32,Cartão,3,3.1,1097.76,1614.3600000000001
11016,2024-10-12,1853,Roupas,Oeste,5,56.07,0.17,Cartão,4,4.3,232.69,280.35
11017,2024-10-13,1826,Eletrônicos,Leste,3,588.49,0.25,Pagamento na entrega,10,2.9,1324.1,1765.47
11018,2024-10-14,1794,Roupas,Sul,2,375.53,0.08,Cartão,7,4.6,690.98,751.06
11019,2024-10-15,1688,Casa,Leste,7,122.33,0.27,Cartão,6,4.4,625.11,856.31
11020,2024-10-16,1460,Eletrônicos,Sul,3,412.26,0.25,Pagamento na entrega,4,3.6,927.58,1236.78
11021,2024-10-17,1928,Eletrônicos,Norte,2,461.58,0.32,Cartão,3,1.2,627.75,923.16
11022,2024-10-18,1609,Beleza,Norte,7,266.17,0.01,Cartão,11,4.5,1844.56,1863.19
11023,2024-10-19,1104,Eletrônicos,Leste,1,519.06,0.16,Cartão,2,4.6,436.01,519.06
11024,2024-10-20,1098,Roupas,Leste,7,103.18,0.24,Pagamento na entrega,10,2.5,548.92,722.26
11025,2024-10-21,1510,Roupas,Norte,4,178.12,0.03,Carteira digital,9,3.1,691.11,712.48
11026,2024-10-22,1384,Roupas,Oeste,5,69.69,0.14,Cartão,3,2.1,299.67,348.45
11027,2024-10-23,1404,Roupas,Norte,7,138.36,0.33,Cartão,7,1.1,648.91,968.5200000000001
11028,2024-10-24,1822,Eletrônicos,Sul,4,154.66,0.15,Cartão,1,2.9,525.84,618.64
11029,2024-10-25,1517,Roupas,Oeste,4,551.82,0.34,Pagamento na entrega,8,1.5,1456.8,2207.28
11030,2024-10-26,1475,Roupas,Norte,4,60.69,0.02,Pagamento na entrega,1,1.7,237.9,242.76
11031,2024-10-27,1976,Casa,Oeste,7,265.04,0.25,Pagamento na entrega,2,2.9,1391.46,1855.2800000000002
11032,2024-10-28,1708,Eletrônicos,Oeste,2,326.45,0.2,Pagamento na entrega,1,4.5,522.32,652.9
11033,2024-10-29,1862,Roupas,Oeste,2,540.74,0.18,Carteira digital,4,4.4,886.81,1081.48
11034,2024-10-30,1644,Eletrônicos,Leste,5,598.65,0.34,Carteira digital,2,4.9,1975.54,2993.25
11035,2024-10-31,1869,Eletrônicos,Norte,2,455.73,0.05,Pagamento na entrega,1,2.9,865.89,911.46
11036,2024-11-01,1770,Eletrônicos,Leste,6,582.91,0.31,Pagamento na entrega,1,3.2,2413.25,3497.46
11037,2024-11-02,1436,Eletrônicos,Leste,2,475.45,0.24,Cartão,2,4.3,722.68,950.9
11038,2024-11-03,1022,Casa,Sul,2,578.47,0.09,Pagamento na entrega,6,3.8,1052.82,1156.94
11039,2024-11-04,1996,Eletrônicos,Sul,2,428.75,0.32,Pagamento na entrega,2,1.7,583.1,857.5
11040,2024-11-05,1564,Beleza,Oeste,1,61.66,0.15,Pagamento na entrega,11,2.6,52.41,61.66
11041,2024-11-06,1676,Beleza,Oeste,5,250.12,0.28,Cartão,2,4.7,900.43,1250.6
11042,2024-11-07,1713,Roupas,Sul,6,393.26,0.14,Pagamento na entrega,8,1.6,2029.22,2359.56
11043,2024-11-08,1457,Eletrônicos,Sul,2,220.17,0.3,Pagamento na entrega,5,1.8,308.24,440.34
11044,2024-11-09,1082,Roupas,Norte,5,174.93,0.22,Pagamento na entrega,8,2.6,682.23,874.6500000000001
11045,2024-11-10,1144,Casa,Oeste,3,352.78,0.05,Cartão,8,4.8,1005.42,1058.34
11046,2024-11-11,1084,Roupas,Oeste,1,561.1,0.23,Cartão,2,1.5,432.05,561.1
11047,2024-11-12,1077,Eletrônicos,Sul,7,35.46,0.07,Cartão,7,3.7,230.84,248.22
11048,2024-11-13,1456,Roupas,Norte,2,465.0,0.14,Carteira digital,9,1.5,799.8,930.0
11049,2024-11-14,1877,Casa,Sul,6,437.8,0.06,Pagamento na entrega,8,3.1,2469.19,2626.8
11050,2024-11-15,1000,Casa,Sul,1,578.91,0.01,Cartão,9,3.1,573.12,578.91
11051,2024-11-16,1050,Eletrônicos,Leste,6,559.47,0.07,Cartão,8,1.2,3121.84,3356.82
11052,2024-11-17,1684,Casa,Oeste,7,460.91,0.19,Pagamento na entrega,4,4.8,2613.36,3226.3700000000003
11053,2024-11-18,1716,Eletrônicos,Norte,7,319.44,0.17,Cartão,10,4.2,1855.95,2236.08
11054,2024-11-19,1771,Eletrônicos,Leste,1,134.5,0.18,Carteira digital,7,2.2,110.29,134.5
11055,2024-11-20,1445,Beleza,Oeste,3,333.96,0.09,Pagamento na entrega,9,1.5,911.71,1001.8799999999999
11056,2024-11-21,1448,Eletrônicos,Sul,5,462.73,0.24,Cartão,9,2.4,1758.37,2313.65
11057,2024-11-22,1880,Eletrônicos,Norte,1,538.97,0.25,Pagamento na entrega,4,4.6,404.23,538.97
11058,2024-11-23,1487,Eletrônicos,Oeste,4,476.98,0.13,Cartão,7,1.5,1659.89,1907.92
11059,2024-11-24,1799,Beleza,Sul,7,129.23,0.31,Carteira digital,6,2.4,624.18,904.6099999999999
11060,2024-11-25,1033,Casa,Leste,3,365.82,0.23,Cartão,3,3.0,845.04,1097.46
11061,2024-11-26,1347,Roupas,Norte,7,209.32,0.25,Carteira digital,10,1.1,1098.93,1465.24
11062,2024-11-27,1094,Casa,Oeste,4,20.39,0.1,Pagamento na entrega,6,2.1,73.4,81.56
11063,2024-11-28,1071,Eletrônicos,Leste,3,132.13,0.0,Carteira digital,8,3.4,396.39,396.39
11064,2024-11-29,1550,Roupas,Sul,7,81.23,0.3,Cartão,2,2.3,398.03,568.61
11065,2024-11-30,1153,Roupas,Sul,4,507.99,0.29,Cartão,3,4.5,1442.69,2031.96
11066,2024-12-01,1249,Eletrônicos,Oeste,4,166.23,0.04,Pagamento na entrega,8,4.7,638.32,664.92
11067,2024-12-02,1673,Roupas,Sul,7,181.55,0.13,Pagamento na entrega,4,2.8,1105.64,1270.8500000000001
11068,2024-12-03,1437,Beleza,Norte,7,576.56,0.23,Cartão,4,3.1,3107.66,4035.9199999999996
11069,2024-12-04,1117,Eletrônicos,Oeste,6,236.77,0.23,Cartão,2,3.5,1093.88,1420.6200000000001
11070,2024-12-05,1770,Eletrônicos,Leste,1,20.61,0.3,Cartão,11,3.7,14.43,20.61
11071,2024-12-06,1890,Eletrônicos,Oeste,1,181.05,0.05,Pagamento na entrega,10,1.3,172.0,181.05
11072,2024-12-07,1305,Eletrônicos,Oeste,3,84.79,0.15,Cartão,1,1.2,216.21,254.37
11073,2024-12-08,1267,Beleza,Leste,5,75.14,0.03,Cartão,7,4.5,364.43,375.7
11074,2024-12-09,1960,Roupas,Sul,7,60.33,0.14,Cartão,4,1.9,363.19,422.31
11075,2024-12-10,1053,Roupas,Leste,6,362.06,0.01,Cartão,6,3.3,2150.64,2172.36
11076,2024-12-11,1235,Casa,Norte,1,125.77,0.31,Cartão,8,3.5,86.78,125.77
11077,2024-12-12,1388,Eletrônicos,Sul,1,226.33,0.18,Carteira digital,11,1.7,185.59,226.33
11078,2024-12-13,1989,Roupas,Oeste,6,519.28,0.3,Cartão,7,4.0,2180.98,3115.68
11079,2024-12-14,1733,Roupas,Sul,2,263.24,0.02,Carteira digital,7,4.5,515.95,526.48
11080,2024-12-15,1762,Roupas,Sul,6,550.68,0.08,Cartão,6,2.1,3039.75,3304.08
11081,2024-12-16,1824,Beleza,Norte,1,306.29,0.09,Cartão,11,4.5,278.72,306.29
11082,2024-12-17,1400,Casa,Sul,5,248.32,0.14,Cartão,4,1.3,1067.78,1241.6
11083,2024-12-18,1623,Roupas,Sul,2,453.98,0.28,Pagamento na entrega,4,4.2,653.73,907.96
11084,2024-12-19,1766,Casa,Sul,4,57.81,0.14,Pagamento na entrega,9,3.6,198.87,231.24
11085,2024-12-20,1302,Eletrônicos,Oeste,6,67.34,0.07,Pagamento na entrega,11,3.3,375.76,404.04
11086,2024-12-21,1918,Eletrônicos,Sul,4,396.4,0.02,Cartão,5,1.9,1553.89,1585.6
11087,2024-12-22,1206,Eletrônicos,Leste,2,299.86,0.03,Carteira digital,9,2.4,581.73,599.72
11088,2024-12-23,1228,Eletrônicos,Sul,2,477.39,0.27,Carteira digital,11,4.6,696.99,954.78
11089,2024-12-24,1852,Roupas,Norte,2,551.02,0.16,Cartão,9,2.9,925.71,1102.04
11090,2024-12-25,1909,Roupas,Sul,3,242.19,0.25,Pagamento na entrega,4,3.4,544.93,726.5699999999999
11091,2024-12-26,1577,Beleza,Sul,6,363.9,0.24,Pagamento na entrega,2,4.7,1659.38,2183.3999999999996
11092,2024-12-27,1074,Roupas,Oeste,7,307.91,0.05,Cartão,2,2.9,2047.6,2155.3700000000003
11093,2024-12-28,1434,Roupas,Leste,5,589.24,0.05,Cartão,9,2.6,2798.89,2946.2
11094,2024-12-29,1102,Eletrônicos,Sul,5,501.18,0.26,Pagamento na entrega,9,4.6,1854.37,2505.9
11095,2024-12-30,1421,Eletrônicos,Leste,4,548.37,0.25,Carteira digital,3,4.6,1645.11,2193.48
11096,2024-12-31,1703,Roupas,Norte,4,163.79,0.13,Cartão,5,2.4,569.99,655.16
11097,2025-01-01,1763,Roupas,Oeste,7,466.93,0.03,Pagamento na entrega,5,3.4,3170.45,3268.51
11098,2025-01-02,1737,Casa,Leste,4,170.3,0.0,Carteira digital,2,4.9,681.2,681.2
11099,2025-01-03,1805,Eletrônicos,Oeste,6,137.11,0.1,Cartão,2,1.2,740.39,822.6600000000001
11100,2025-01-04,1305,Eletrônicos,Sul,1,567.4,0.0,Cartão,10,1.2,567.4,567.4
11101,2025-01-05,1097,Roupas,Norte,4,26.29,0.08,Pagamento na entrega,1,3.1,96.75,105.16
11102,2025-01-06,1849,Eletrônicos,Oeste,2,579.75,0.15,Cartão,2,2.2,985.58,1159.5
11103,2025-01-07,1797,Eletrônicos,Sul,4,102.32,0.04,Cartão,11,3.3,392.91,409.28
11104,2025-01-08,1334,Casa,Leste,2,494.37,0.04,Cartão,7,3.9,949.19,988.74
11105,2025-01-09,1858,Eletrônicos,Norte,3,176.41,0.31,Cartão,1,1.3,365.17,529.23
11106,2025-01-10,1434,Roupas,Norte,1,220.16,0.2,Carteira digital,1,4.5,176.13,220.16
11107,2025-01-11,1446,Eletrônicos,Leste,1,141.8,0.33,Pagamento na entrega,9,2.1,95.01,141.8
11108,2025-01-12,1993,Eletrônicos,Leste,7,357.53,0.12,Cartão,2,2.5,2202.38,2502.71
11109,2025-01-13,1307,Roupas,Norte,6,218.64,0.24,Pagamento na entrega,11,2.3,997.0,1311.84
11110,2025-01-14,1248,Casa,Oeste,6,399.57,0.07,Carteira digital,4,4.4,2229.6,2397.42
11111,2025-01-15,1165,Roupas,Norte,5,24.15,0.22,Cartão,11,1.7,94.18,120.75
11112,2025-01-16,1480,Casa,Leste,3,52.66,0.05,Cartão,3,1.1,150.08,157.98
11113,2025-01-17,1983,Eletrônicos,Oeste,7,73.3,0.0,Carteira digital,11,4.9,513.1,513.1
11114,2025-01-18,1334,Casa,Sul,6,260.11,0.33,Carteira digital,4,4.9,1045.64,1560.66
11115,2025-01-19,1541,Eletrônicos,Norte,2,491.66,0.19,Cartão,11,2.0,796.49,983.32
11116,2025-01-20,1758,Casa,Leste,3,534.58,0.32,Cartão,11,1.0,1090.54,1603.7400000000002
11117,2025-01-21,1105,Roupas,Sul,1,158.21,0.12,Cartão,7,3.6,139.22,158.21
11118,2025-01-22,1562,Beleza,Norte,2,351.01,0.11,Cartão,10,3.6,624.8,702.02
11119,2025-01-23,1080,Roupas,Norte,7,464.49,0.14,Pagamento na entrega,2,4.8,2796.23,3251.4300000000003
11120,2025-01-24,1132,Eletrônicos,Oeste,7,183.97,0.25,Cartão,2,2.2,965.84,1287.79
11121,2025-01-25,1796,Eletrônicos,Leste,3,254.27,0.2,Cartão,9,1.8,610.25,762.8100000000001
11122,2025-01-26,1899,Casa,Sul,1,321.52,0.32,Pagamento na entrega,6,3.5,218.63,321.52
11123,2025-01-27,1137,Roupas,Norte,6,93.9,0.01,Carteira digital,11,3.3,557.77,563.4000000000001
11124,2025-01-28,1183,Casa,Oeste,2,30.2,0.25,Cartão,7,3.9,45.3,60.4
11125,2025-01-29,1400,Eletrônicos,Sul,2,104.39,0.12,Cartão,5,4.5,183.73,208.78
11126,2025-01-30,1329,Eletrônicos,Sul,1,381.71,0.06,Carteira digital,5,3.2,358.81,381.71
11127,2025-01-31,1784,Eletrônicos,Norte,2,58.07,0.18,Pagamento na entrega,4,1.6,95.23,116.14
11128,2025-02-01,1507,Beleza,Sul,6,125.97,0.18,Cartão,8,3.4,619.77,755.8199999999999
11129,2025-02-02,1851,Casa,Norte,6,212.64,0.05,Cartão,7,2.5,1212.05,1275.84
11130,2025-02-03,1983,Beleza,Oeste,6,60.55,0.07,Cartão,10,2.8,337.87,363.29999999999995
11131,2025-02-04,1068,Eletrônicos,Oeste,1,127.14,0.14,Pagamento na entrega,2,4.8,109.34,127.14
11132,2025-02-05,1545,Roupas,Sul,4,548.09,0.14,Cartão,2,3.2,1885.43,2192.36
11133,2025-02-06,1773,Casa,Norte,4,26.29,0.11,Cartão,6,1.6,93.59,105.16
11134,2025-02-07,1052,Eletrônicos,Leste,7,397.26,0.05,Cartão,11,2.8,2641.78,2780.8199999999997
11135,2025-02-08,1449,Casa,Oeste,7,239.88,0.0,Cartão,1,1.9,1679.16,1679.1599999999999
11136,2025-02-09,1204,Beleza,Norte,2,408.5,0.34,Pagamento na entrega,7,1.5,539.22,817.0
11137,2025-02-10,1125,Beleza,Norte,6,359.38,0.33,Cartão,8,3.8,1444.71,2156.2799999999997
11138,2025-02-11,1746,Casa,Norte,2,145.75,0.17,Cartão,10,3.5,241.94,291.5
11139,2025-02-12,1042,Eletrônicos,Sul,1,510.62,0.35,Carteira digital,8,3.0,331.9,510.62
11140,2025-02-13,1751,Eletrônicos,Leste,2,302.79,0.24,Pagamento na entrega,3,2.7,460.24,605.58
11141,2025-02-14,1970,Beleza,Sul,5,496.18,0.02,Cartão,7,2.3,2431.28,2480.9
11142,2025-02-15,1882,Eletrônicos,Oeste,4,252.52,0.04,Pagamento na entrega,1,1.4,969.68,1010.08
11143,2025-02-16,1110,Casa,Sul,2,591.04,0.32,Cartão,11,2.2,803.81,1182.08
11144,2025-02-17,1760,Casa,Norte,2,465.74,0.22,Pagamento na entrega,3,4.4,726.55,931.48
11145,2025-02-18,1662,Roupas,Sul,3,580.08,0.3,Pagamento na entrega,6,4.1,1218.17,1740.2400000000002
11146,2025-02-19,1182,Beleza,Norte,2,315.88,0.31,Pagamento na entrega,9,4.9,435.91,631.76
11147,2025-02-20,1847,Eletrônicos,Leste,5,292.11,0.16,Pagamento na entrega,5,3.6,1226.86,1460.5500000000002
11148,2025-02-21,1094,Eletrônicos,Sul,4,456.94,0.02,Cartão,5,3.2,1791.2,1827.76
11149,2025-02-22,1970,Eletrônicos,Sul,3,529.97,0.07,Pagamento na entrega,9,2.2,1478.62,1589.91
11150,2025-02-23,1373,Roupas,Sul,1,579.03,0.02,Cartão,9,1.3,567.45,579.03
11151,2025-02-24,1911,Eletrônicos,Norte,7,204.86,0.07,Cartão,6,3.5,1333.64,1434.02
11152,2025-02-25,1519,Eletrônicos,Norte,1,482.24,0.14,Carteira digital,5,3.0,414.73,482.24
11153,2025-02-26,1899,Casa,Sul,4,138.23,0.04,Pagamento na entrega,10,4.0,530.8,552.92
11154,2025-02-27,1359,Beleza,Sul,7,334.16,0.06,Carteira digital,2,2.6,2198.77,2339.1200000000003
11155,2025-02-28,1899,Eletrônicos,Leste,1,120.21,0.16,Cartão,11,4.9,100.98,120.21
11156,2025-03-01,1695,Roupas,Leste,5,218.23,0.12,Pagamento na entrega,8,2.6,960.21,1091.1499999999999
11157,2025-03-02,1280,Beleza,Oeste,2,559.84,0.16,Cartão,8,2.3,940.53,1119.68
11158,2025-03-03,1194,Eletrônicos,Leste,4,100.46,0.15,Pagamento na entrega,7,4.5,341.56,401.84
11159,2025-03-04,1863,Eletrônicos,Leste,7,384.95,0.23,Cartão,8,2.6,2074.88,2694.65
11160,2025-03-05,1194,Eletrônicos,Leste,3,361.88,0.33,Cartão,3,4.5,727.38,1085.6399999999999
11161,2025-03-06,1666,Roupas,Norte,2,85.63,0.04,Cartão,3,1.1,164.41,171.26
11162,2025-03-07,1092,Eletrônicos,Leste,1,205.7,0.03,Pagamento na entrega,2,3.8,199.53,205.7
11163,2025-03-08,1671,Beleza,Leste,1,344.34,0.3,Cartão,1,1.3,241.04,344.34
11164,2025-03-09,1945,Roupas,Sul,3,124.5,0.18,Carteira digital,3,1.6,306.27,373.5
11165,2025-03-10,1060,Roupas,Norte,5,483.36,0.27,Cartão,3,3.8,1764.26,2416.8
11166,2025-03-11,1633,Eletrônicos,Oeste,3,583.71,0.08,Cartão,7,2.2,1611.04,1751.13
11167,2025-03-12,1050,Roupas,Oeste,4,140.63,0.29,Cartão,10,1.8,399.39,562.52
11168,2025-03-13,1402,Casa,Leste,3,124.34,0.32,Carteira digital,9,4.2,253.65,373.02
11169,2025-03-14,1788,Casa,Oeste,1,281.14,0.22,Cartão,1,4.8,219.29,281.14
11170,2025-03-15,1004,Casa,Oeste,5,452.44,0.04,Cartão,8,1.9,2171.71,2262.2
11171,2025-03-16,1465,Roupas,Oeste,5,179.74,0.31,Pagamento na entrega,1,2.3,620.1,898.7
11172,2025-03-17,1603,Beleza,Leste,6,26.63,0.28,Cartão,3,3.9,115.04,159.78
11173,2025-03-18,1681,Casa,Oeste,3,331.61,0.26,Pagamento na entrega,4,4.3,736.17,994.83
11174,2025-03-19,1828,Casa,Leste,4,574.61,0.01,Cartão,11,5.0,2275.46,2298.44
11175,2025-03-20,1533,Eletrônicos,Sul,1,243.9,0.28,Pagamento na entrega,8,2.1,175.61,243.9
11176,2025-03-21,1404,Eletrônicos,Sul,2,260.78,0.05,Cartão,1,3.2,495.48,521.56
11177,2025-03-22,1837,Eletrônicos,Oeste,5,581.81,0.08,Pagamento na entrega,2,1.5,2676.33,2909.0499999999997
11178,2025-03-23,1512,Casa,Sul,3,421.35,0.2,Pagamento na entrega,11,2.3,1011.24,1264.0500000000002
11179,2025-03-24,1644,Roupas,Leste,6,435.72,0.09,Pagamento na entrega,5,1.2,2379.03,2614.32
11180,2025-03-25,1232,Roupas,Sul,4,344.18,0.23,Pagamento na entrega,6,1.8,1060.07,1376.72
11181,2025-03-26,1523,Beleza,Oeste,4,585.15,0.21,Carteira digital,5,3.0,1849.07,2340.6
11182,2025-03-27,1345,Beleza,Leste,7,417.99,0.04,Cartão,3,1.7,2808.89,2925.9300000000003
11183,2025-03-28,1045,Beleza,Norte,1,538.59,0.23,Cartão,10,4.6,414.71,538.59
11184,2025-03-29,1545,Eletrônicos,Leste,5,424.14,0.32,Pagamento na entrega,7,3.8,1442.08,2120.7
11185,2025-03-30,1944,Casa,Sul,1,445.04,0.06,Pagamento na entrega,1,1.1,418.34,445.04
11186,2025-03-31,1077,Eletrônicos,Norte,6,184.89,0.21,Cartão,2,4.5,876.38,1109.34
11187,2025-04-01,1729,Eletrônicos,Leste,2,192.54,0.12,Pagamento na entrega,11,4.9,338.87,385.08
11188,2025-04-02,1812,Eletrônicos,Norte,2,473.05,0.16,Cartão,9,3.0,794.72,946.1
11189,2025-04-03,1922,Eletrônicos,Norte,2,188.57,0.1,Pagamento na entrega,4,2.3,339.43,377.14
11190,2025-04-04,1072,Roupas,Norte,4,344.22,0.12,Carteira digital,8,2.1,1211.65,1376.88
11191,2025-04-05,1793,Casa,Leste,5,160.87,0.01,Pagamento na entrega,9,1.3,796.31,804.35
11192,2025-04-06,1248,Eletrônicos,Sul,1,492.94,0.34,Cartão,7,3.0,325.34,492.94
11193,2025-04-07,1046,Casa,Leste,1,79.64,0.22,Pagamento na entrega,1,1.2,62.12,79.64
11194,2025-04-08,1120,Roupas,Sul,6,500.23,0.18,Pagamento na entrega,5,3.0,2461.13,3001.38
11195,2025-04-09,1213,Eletrônicos,Leste,2,367.6,0.13,Cartão,6,2.0,639.62,735.2
11196,2025-04-10,1238,Roupas,Leste,5,124.34,0.19,Pagamento na entrega,11,2.9,503.58,621.7
11197,2025-04-11,1055,Eletrônicos,Leste,5,332.09,0.13,Carteira digital,8,2.7,1444.59,1660.4499999999998
11198,2025-04-12,1349,Roupas,Sul,6,180.26,0.13,Cartão,10,2.2,940.96,1081.56
11199,2025-04-13,1106,Roupas,Leste,3,204.23,0.16,Cartão,8,2.8,514.66,612.6899999999999
11200,2025-04-14,1830,Eletrônicos,Norte,5,220.64,0.1,Cartão,9,2.9,992.88,1103.1999999999998
11201,2025-04-15,1047,Eletrônicos,Leste,5,52.04,0.06,Pagamento na entrega,9,4.3,244.59,260.2
11202,2025-04-16,1572,Roupas,Norte,1,591.79,0.19,Carteira digital,4,3.7,479.35,591.79
11203,2025-04-17,1336,Beleza,Oeste,6,33.45,0.29,Pagamento na entrega,6,2.7,142.5,200.70000000000002
11204,2025-04-18,1025,Eletrônicos,Oeste,5,402.56,0.05,Cartão,3,4.6,1912.16,2012.8
11205,2025-04-19,1803,Casa,Sul,5,232.17,0.01,Pagamento na entrega,1,4.0,1149.24,1160.85
11206,2025-04-20,1256,Casa,Sul,1,392.92,0.09,Pagamento na entrega,6,1.3,357.56,392.92
11207,2025-04-21,1007,Beleza,Oeste,5,223.41,0.34,Pagamento na entrega,1,1.6,737.25,1117.05
11208,2025-04-22,1624,Casa,Leste,1,409.14,0.29,Cartão,9,1.3,290.49,409.14
11209,2025-04-23,1866,Roupas,Leste,3,441.6,0.21,Pagamento na entrega,11,2.3,1046.59,1324.8000000000002
11210,2025-04-24,1252,Casa,Leste,4,418.97,0.33,Cartão,6,2.7,1122.84,1675.88
11211,2025-04-25,1691,Beleza,Oeste,7,81.67,0.16,Cartão,1,3.0,480.22,571.69
11212,2025-04-26,1718,Roupas,Norte,1,399.28,0.34,Pagamento na entrega,11,4.4,263.52,399.28
11213,2025-04-27,1302,Eletrônicos,Sul,1,178.79,0.1,Carteira digital,3,1.1,160.91,178.79
11214,2025-04-28,1638,Eletrônicos,Norte,5,31.85,0.08,Cartão,1,2.7,146.51,159.25
11215,2025-04-29,1055,Casa,Oeste,1,257.68,0.22,Carteira digital,2,2.6,200.99,257.68
11216,2025-04-30,1725,Casa,Norte,6,268.62,0.13,Cartão,6,4.8,1402.2,1611.72
11217,2025-05-01,1525,Eletrônicos,Leste,2,288.3,0.22,Pagamento na entrega,7,2.0,449.75,576.6
11218,2025-05-02,1473,Roupas,Leste,2,427.32,0.11,Cartão,1,1.5,760.63,854.64
11219,2025-05-03,1027,Roupas,Norte,3,195.67,0.22,Cartão,10,1.6,457.87,587.01
11220,2025-05-04,1982,Eletrônicos,Oeste,1,199.44,0.1,Pagamento na entrega,5,3.1,179.5,199.44
11221,2025-05-05,1077,Beleza,Norte,6,50.42,0.02,Pagamento na entrega,6,2.6,296.47,302.52
11222,2025-05-06,1215,Eletrônicos,Leste,5,416.79,0.32,Pagamento na entrega,4,4.0,1417.09,2083.9500000000003
11223,2025-05-07,1385,Eletrônicos,Leste,5,347.18,0.31,Pagamento na entrega,6,2.3,1197.77,1735.9
11224,2025-05-08,1364,Roupas,Oeste,7,219.41,0.34,Pagamento na entrega,5,1.5,1013.67,1535.87
11225,2025-05-09,1665,Casa,Norte,4,427.54,0.25,Carteira digital,11,2.5,1282.62,1710.16
11226,2025-05-10,1525,Eletrônicos,Leste,3,329.35,0.24,Pagamento na entrega,7,4.5,750.92,988.0500000000001
11227,2025-05-11,1698,Casa,Leste,6,289.51,0.2,Cartão,4,2.6,1389.65,1737.06
11228,2025-05-12,1311,Roupas,Norte,6,314.12,0.04,Cartão,1,4.3,1809.33,1884.72
11229,2025-05-13,1882,Eletrônicos,Norte,7,387.26,0.07,Cartão,2,2.5,2521.06,2710.8199999999997
11230,2025-05-14,1006,Eletrônicos,Sul,7,401.1,0.1,Pagamento na entrega,6,2.1,2526.93,2807.7000000000003
11231,2025-05-15,1002,Roupas,Oeste,5,184.04,0.31,Cartão,10,4.1,634.94,920.1999999999999
11232,2025-05-16,1622,Eletrônicos,Oeste,4,97.33,0.06,Cartão,11,1.8,365.96,389.32
11233,2025-05-17,1918,Beleza,Norte,5,106.63,0.32,Cartão,2,1.9,362.54,533.15
11234,2025-05-18,1749,Casa,Oeste,4,389.04,0.18,Pagamento na entrega,5,1.2,1276.05,1556.16
11235,2025-05-19,1362,Beleza,Leste,2,525.63,0.25,Cartão,4,1.8,788.44,1051.26
11236,2025-05-20,1750,Eletrônicos,Norte,6,254.56,0.04,Cartão,7,2.5,1466.27,1527.3600000000001
11237,2025-05-21,1507,Beleza,Norte,7,114.17,0.09,Pagamento na entrega,4,2.6,727.26,799.19
11238,2025-05-22,1273,Roupas,Norte,2,457.61,0.34,Pagamento na entrega,7,2.7,604.05,915.22
11239,2025-05-23,1505,Eletrônicos,Sul,5,502.01,0.09,Cartão,11,2.9,2284.15,2510.05
11240,2025-05-24,1805,Eletrônicos,Oeste,3,530.14,0.1,Pagamento na entrega,8,3.3,1431.38,1590.42
11241,2025-05-25,1738,Eletrônicos,Sul,1,370.0,0.07,Cartão,7,1.8,344.1,370.0
11242,2025-05-26,1882,Casa,Leste,3,518.53,0.05,Carteira digital,2,3.5,1477.81,1555.59
11243,2025-05-27,1014,Roupas,Oeste,3,24.02,0.08,Cartão,11,2.3,66.3,72.06
11244,2025-05-28,1191,Eletrônicos,Sul,1,77.73,0.22,Carteira digital,1,3.9,60.63,77.73
11245,2025-05-29,1984,Roupas,Norte,6,69.16,0.16,Carteira digital,5,3.2,348.57,414.96
11246,2025-05-30,1630,Eletrônicos,Sul,2,431.87,0.19,Pagamento na entrega,7,3.2,699.63,863.74
11247,2025-05-31,1484,Roupas,Norte,2,55.71,0.04,Cartão,1,3.7,106.96,111.42
11248,2025-06-01,1027,Roupas,Sul,6,305.37,0.28,Pagamento na entrega,11,2.3,1319.2,1832.22
11249,2025-06-02,1713,Casa,Sul,1,291.53,0.27,Cartão,8,2.7,212.82,291.53
11250,2025-06-03,1038,Casa,Sul,4,196.76,0.01,Carteira digital,3,3.3,779.17,787.04
11251,2025-06-04,1952,Roupas,Norte,3,524.19,0.13,Pagamento na entrega,7,2.7,1368.14,1572.5700000000002
11252,2025-06-05,1272,Roupas,Sul,5,114.7,0.02,Carteira digital,3,2.8,562.03,573.5
11253,2025-06-06,1230,Roupas,Oeste,2,221.19,0.28,Pagamento na entrega,4,2.1,318.51,442.38
11254,2025-06-07,1085,Casa,Oeste,6,467.89,0.26,Pagamento na entrega,8,2.1,2077.43,2807.34
11255,2025-06-08,1473,Eletrônicos,Oeste,5,32.8,0.32,Pagamento na entrega,2,3.8,111.52,164.0
11256,2025-06-09,1125,Eletrônicos,Norte,7,408.68,0.08,Cartão,6,1.0,2631.9,2860.76
11257,2025-06-10,1811,Eletrônicos,Norte,1,492.59,0.16,Pagamento na entrega,10,1.4,413.78,492.59
11258,2025-06-11,1536,Roupas,Oeste,5,560.38,0.06,Pagamento na entrega,9,4.8,2633.79,2801.9
11259,2025-06-12,1144,Roupas,Oeste,5,527.63,0.13,Carteira digital,10,1.7,2295.19,2638.15
11260,2025-06-13,1524,Casa,Oeste,3,201.84,0.18,Pagamento na entrega,9,2.7,496.53,605.52
11261,2025-06-14,1211,Eletrônicos,Leste,1,358.02,0.02,Carteira digital,5,4.4,350.86,358.02
11262,2025-06-15,1024,Roupas,Oeste,5,60.22,0.25,Carteira digital,3,1.0,225.82,301.1
11263,2025-06-16,1579,Casa,Sul,2,165.85,0.19,Pagamento na entrega,6,4.7,268.68,331.7
11264,2025-06-17,1393,Casa,Leste,1,70.12,0.29,Cartão,9,1.2,49.79,70.12
11265,2025-06-18,1066,Roupas,Leste,2,199.38,0.1,Pagamento na entrega,6,1.7,358.88,398.76
11266,2025-06-19,1232,Roupas,Norte,6,526.98,0.32,Cartão,4,1.1,2150.08,3161.88
11267,2025-06-20,1108,Eletrônicos,Sul,6,218.09,0.35,Cartão,11,3.1,850.55,1308.54
11268,2025-06-21,1145,Beleza,Norte,7,343.71,0.32,Cartão,5,4.8,1636.06,2405.97
11269,2025-06-22,1110,Eletrônicos,Norte,4,268.53,0.27,Carteira digital,7,4.4,784.11,1074.12
11270,2025-06-23,1227,Beleza,Sul,6,283.47,0.28,Cartão,10,3.6,1224.59,1700.8200000000002
11271,2025-06-24,1110,Casa,Norte,5,582.2,0.2,Pagamento na entrega,3,1.7,2328.8,2911.0
11272,2025-06-25,1469,Roupas,Sul,1,188.25,0.07,Carteira digital,9,4.5,175.07,188.25
11273,2025-06-26,1033,Eletrônicos,Sul,6,381.98,0.24,Pagamento na entrega,1,4.0,1741.83,2291.88
11274,2025-06-27,1622,Roupas,Norte,2,260.74,0.25,Pagamento na entrega,8,2.1,391.11,521.48
11275,2025-06-28,1775,Roupas,Oeste,5,50.77,0.34,Pagamento na entrega,5,4.2,167.54,253.85000000000002
11276,2025-06-29,1935,Eletrônicos,Norte,6,301.26,0.19,Cartão,10,4.5,1464.12,1807.56
11277,2025-06-30,1368,Casa,Leste,3,490.81,0.09,Cartão,9,3.8,1339.91,1472.43
11278,2025-07-01,1747,Beleza,Norte,2,72.77,0.24,Carteira digital,2,1.4,110.61,145.54
11279,2025-07-02,1594,Roupas,Sul,7,55.71,0.34,Cartão,1,4.9,257.38,389.97
11280,2025-07-03,1553,Casa,Leste,7,104.87,0.06,Pagamento na entrega,10,1.3,690.04,734.09
11281,2025-07-04,1424,Eletrônicos,Sul,7,462.17,0.11,Pagamento na entrega,7,3.6,2879.32,3235.19
11282,2025-07-05,1612,Roupas,Oeste,2,438.54,0.19,Cartão,10,1.4,710.43,877.08
11283,2025-07-06,1517,Eletrônicos,Oeste,7,345.54,0.06,Carteira digital,11,4.6,2273.65,2418.78
11284,2025-07-07,1691,Roupas,Leste,4,288.91,0.01,Pagamento na entrega,9,2.4,1144.08,1155.64
11285,2025-07-08,1281,Beleza,Oeste,3,534.67,0.12,Cartão,5,3.0,1411.53,1604.0099999999998
11286,2025-07-09,1319,Casa,Oeste,4,463.52,0.3,Carteira digital,11,1.7,1297.86,1854.08
11287,2025-07-10,1737,Eletrônicos,Norte,6,489.99,0.02,Pagamento na entrega,4,3.2,2881.14,2939.94
11288,2025-07-11,1442,Roupas,Norte,3,490.76,0.15,Pagamento na entrega,4,4.8,1251.44,1472.28
11289,2025-07-12,1951,Roupas,Oeste,2,390.99,0.27,Pagamento na entrega,8,4.6,570.85,781.98
11290,2025-07-13,1314,Roupas,Oeste,4,282.94,0.33,Cartão,1,1.3,758.28,1131.76
11291,2025-07-14,1876,Casa,Norte,5,520.84,0.34,Pagamento na entrega,1,2.5,1718.77,2604.2000000000003
11292,2025-07-15,1965,Casa,Oeste,3,556.71,0.15,Cartão,8,2.1,1419.61,1670.13
11293,2025-07-16,1740,Roupas,Oeste,2,28.93,0.33,Pagamento na entrega,2,2.9,38.77,57.86
11294,2025-07-17,1376,Roupas,Sul,1,45.16,0.01,Pagamento na entrega,10,4.3,44.71,45.16
11295,2025-07-18,1288,Eletrônicos,Oeste,3,575.86,0.26,Carteira digital,6,4.0,1278.41,1727.58
11296,2025-07-19,1436,Eletrônicos,Leste,3,177.14,0.22,Pagamento na entrega,2,2.4,414.51,531.42
11297,2025-07-20,1661,Roupas,Sul,6,525.92,0.09,Cartão,5,2.5,2871.52,3155.5199999999995
11298,2025-07-21,1276,Roupas,Leste,5,242.45,0.18,Carteira digital,3,3.6,994.04,1212.25
11299,2025-07-22,1709,Casa,Oeste,6,84.67,0.05,Pagamento na entrega,7,1.8,482.62,508.02
11300,2025-07-23,1581,Casa,Norte,7,62.06,0.31,Pagamento na entrega,9,1.4,299.75,434.42
11301,2025-07-24,1502,Eletrônicos,Sul,3,106.56,0.13,Cartão,2,2.0,278.12,319.68
11302,2025-07-25,1623,Roupas,Norte,3,161.19,0.22,Carteira digital,7,1.5,377.18,483.57
11303,2025-07-26,1515,Eletrônicos,Sul,7,300.78,0.06,Carteira digital,8,2.4,1979.13,2105.46
11304,2025-07-27,1349,Eletrônicos,Norte,5,425.38,0.07,Pagamento na entrega,10,4.8,1978.02,2126.9
11305,2025-07-28,1842,Casa,Sul,5,592.04,0.35,Carteira digital,8,1.5,1924.13,2960.2
11306,2025-07-29,1445,Eletrônicos,Sul,4,273.28,0.26,Cartão,7,4.3,808.91,1093.12
11307,2025-07-30,1829,Roupas,Leste,2,318.14,0.34,Carteira digital,4,3.1,419.94,636.28
11308,2025-07-31,1349,Eletrônicos,Norte,2,320.26,0.1,Pagamento na entrega,4,3.5,576.47,640.52
11309,2025-08-01,1606,Beleza,Leste,4,330.57,0.06,Cartão,10,1.7,1242.94,1322.28
11310,2025-08-02,1663,Roupas,Leste,2,317.88,0.18,Pagamento na entrega,9,1.6,521.32,635.76
11311,2025-08-03,1822,Eletrônicos,Norte,3,20.13,0.17,Pagamento na entrega,10,1.7,50.12,60.39
11312,2025-08-04,1136,Roupas,Sul,4,16.01,0.06,Cartão,9,3.7,60.2,64.04
11313,2025-08-05,1758,Casa,Leste,4,72.13,0.26,Cartão,5,4.0,213.5,288.52
11314,2025-08-06,1898,Beleza,Norte,2,74.41,0.13,Cartão,7,4.7,129.47,148.82
11315,2025-08-07,1242,Eletrônicos,Sul,1,427.36,0.07,Cartão,7,2.6,397.44,427.36
11316,2025-08-08,1542,Beleza,Leste,2,134.88,0.12,Cartão,9,2.8,237.39,269.76
11317,2025-08-09,1039,Beleza,Leste,6,538.41,0.2,Cartão,7,2.9,2584.37,3230.46
11318,2025-08-10,1228,Beleza,Leste,1,558.23,0.25,Cartão,8,2.1,418.67,558.23
11319,2025-08-11,1547,Roupas,Sul,4,585.9,0.17,Carteira digital,7,2.3,1945.19,2343.6
11320,2025-08-12,1919,Roupas,Leste,1,564.36,0.18,Pagamento na entrega,11,4.4,462.78,564.36
11321,2025-08-13,1222,Roupas,Sul,3,174.05,0.05,Cartão,4,2.4,496.04,522.1500000000001
11322,2025-08-14,1005,Casa,Oeste,5,313.22,0.32,Carteira digital,2,4.5,1064.95,1566.1000000000001
11323,2025-08-15,1321,Roupas,Leste,1,117.64,0.33,Pagamento na entrega,3,2.2,78.82,117.64
11324,2025-08-16,1467,Casa,Oeste,6,486.63,0.24,Pagamento na entrega,7,2.4,2219.03,2919.7799999999997
11325,2025-08-17,1731,Roupas,Norte,5,534.73,0.01,Pagamento na entrega,11,3.2,2646.91,2673.65
11326,2025-08-18,1074,Casa,Leste,3,513.0,0.19,Cartão,11,1.4,1246.59,1539.0
11327,2025-08-19,1003,Casa,Norte,6,268.52,0.22,Cartão,9,4.7,1256.67,1611.12
11328,2025-08-20,1846,Eletrônicos,Norte,7,458.82,0.35,Cartão,11,4.3,2087.63,3211.74
11329,2025-08-21,1645,Casa,Norte,5,72.08,0.35,Pagamento na entrega,2,3.7,234.26,360.4
11330,2025-08-22,1117,Roupas,Oeste,7,38.54,0.3,Pagamento na entrega,7,5.0,188.85,269.78
11331,2025-08-23,1880,Casa,Sul,3,455.64,0.02,Pagamento na entrega,4,1.1,1339.58,1366.92
11332,2025-08-24,1605,Roupas,Oeste,5,263.83,0.33,Cartão,7,2.6,883.83,1319.1499999999999
11333,2025-08-25,1503,Roupas,Oeste,5,597.4,0.21,Pagamento na entrega,5,4.4,2359.73,2987.0
11334,2025-08-26,1997,Beleza,Norte,2,71.89,0.28,Pagamento na entrega,7,2.7,103.52,143.78
11335,2025-08-27,1946,Eletrônicos,Leste,6,515.54,0.14,Carteira digital,6,1.0,2660.19,3093.24
11336,2025-08-28,1573,Casa,Sul,6,295.79,0.11,Cartão,2,1.6,1579.52,1774.7400000000002
11337,2025-08-29,1440,Roupas,Norte,1,498.88,0.16,Carteira digital,7,2.7,419.06,498.88
11338,2025-08-30,1193,Roupas,Sul,7,493.02,0.05,Carteira digital,5,3.7,3278.58,3451.14
11339,2025-08-31,1846,Eletrônicos,Oeste,7,550.86,0.12,Pagamento na entrega,9,1.7,3393.3,3856.02
11340,2025-09-01,1714,Roupas,Sul,6,189.24,0.3,Pagamento na entrega,11,2.8,794.81,1135.44
11341,2025-09-02,1391,Eletrônicos,Sul,6,570.63,0.01,Cartão,1,1.1,3389.54,3423.7799999999997
11342,2025-09-03,1025,Eletrônicos,Leste,5,103.73,0.05,Carteira digital,1,2.9,492.72,518.65
11343,2025-09-04,1434,Eletrônicos,Norte,7,62.95,0.04,Cartão,2,4.6,423.02,440.65000000000003
11344,2025-09-05,1172,Eletrônicos,Sul,4,267.5,0.14,Pagamento na entrega,8,3.4,920.2,1070.0
11345,2025-09-06,1299,Beleza,Sul,2,499.57,0.35,Cartão,11,2.8,649.44,999.14
11346,2025-09-07,1644,Beleza,Oeste,1,291.95,0.06,Cartão,9,1.6,274.43,291.95
11347,2025-09-08,1325,Roupas,Oeste,2,500.13,0.05,Pagamento na entrega,11,1.8,950.25,1000.26
11348,2025-09-09,1409,Casa,Sul,1,441.87,0.32,Carteira digital,11,1.3,300.47,441.87
11349,2025-09-10,1117,Eletrônicos,Norte,3,137.52,0.31,Pagamento na entrega,7,4.0,284.67,412.56000000000006
11350,2025-09-11,1835,Casa,Sul,5,570.1,0.01,Carteira digital,1,1.3,2822.0,2850.5
11351,2025-09-12,1786,Casa,Sul,6,50.56,0.26,Pagamento na entrega,7,2.5,224.49,303.36
11352,2025-09-13,1723,Beleza,Leste,6,540.49,0.23,Cartão,8,4.0,2497.06,3242.94
11353,2025-09-14,1224,Roupas,Norte,4,193.1,0.27,Cartão,7,3.9,563.85,772.4
11354,2025-09-15,1531,Casa,Leste,7,307.59,0.17,Pagamento na entrega,5,3.3,1787.1,2153.1299999999997
11355,2025-09-16,1112,Eletrônicos,Norte,7,262.08,0.35,Cartão,7,3.3,1192.46,1834.56
11356,2025-09-17,1139,Beleza,Norte,2,115.52,0.02,Pagamento na entrega,10,1.4,226.42,231.04
11357,2025-09-18,1558,Eletrônicos,Norte,2,224.52,0.08,Cartão,11,1.7,413.12,449.04
11358,2025-09-19,1000,Roupas,Leste,2,127.87,0.14,Cartão,2,3.1,219.94,255.74
11359,2025-09-20,1089,Casa,Leste,7,134.27,0.16,Pagamento na entrega,9,2.4,789.51,939.8900000000001
11360,2025-09-21,1653,Casa,Leste,6,124.43,0.32,Pagamento na entrega,2,1.1,507.67,746.58
11361,2025-09-22,1319,Eletrônicos,Oeste,7,301.08,0.2,Cartão,2,4.2,1686.05,2107.56
11362,2025-09-23,1549,Beleza,Leste,2,481.79,0.02,Cartão,5,3.6,944.31,963.58
11363,2025-09-24,1804,Eletrônicos,Oeste,5,347.85,0.14,Cartão,8,2.3,1495.76,1739.25
11364,2025-09-25,1893,Roupas,Oeste,1,537.53,0.15,Cartão,6,1.4,456.9,537.53
11365,2025-09-26,1138,Eletrônicos,Oeste,6,387.38,0.34,Pagamento na entrega,9,3.4,1534.02,2324.2799999999997
11366,2025-09-27,1510,Eletrônicos,Sul,5,418.26,0.21,Pagamento na entrega,6,2.4,1652.13,2091.3
11367,2025-09-28,1867,Roupas,Sul,3,405.55,0.22,Cartão,5,2.0,948.99,1216.65
11368,2025-09-29,1844,Roupas,Sul,5,277.93,0.25,Cartão,1,3.9,1042.24,1389.65
11369,2025-09-30,1258,Eletrônicos,Oeste,5,418.26,0.27,Cartão,8,2.3,1526.65,2091.3
11370,2025-10-01,1672,Eletrônicos,Oeste,3,55.78,0.22,Cartão,3,1.5,130.53,167.34
11371,2025-10-02,1901,Roupas,Norte,5,518.01,0.08,Pagamento na entrega,2,2.9,2382.85,2590.05
11372,2025-10-03,1689,Casa,Oeste,1,470.02,0.31,Cartão,7,4.3,324.31,470.02
11373,2025-10-04,1009,Beleza,Sul,6,158.46,0.26,Cartão,11,4.4,703.56,950.76
11374,2025-10-05,1260,Eletrônicos,Oeste,4,464.3,0.26,Pagamento na entrega,2,4.4,1374.33,1857.2
11375,2025-10-06,1918,Roupas,Oeste,7,22.4,0.35,Cartão,1,2.7,101.92,156.79999999999998
11376,2025-10-07,1649,Eletrônicos,Norte,3,142.09,0.28,Pagamento na entrega,11,4.2,306.91,426.27
11377,2025-10-08,1171,Eletrônicos,Oeste,6,53.11,0.29,Pagamento na entrega,2,4.4,226.25,318.65999999999997
11378,2025-10-09,1897,Casa,Leste,2,471.43,0.33,Cartão,6,2.8,631.72,942.86
11379,2025-10-10,1012,Roupas,Norte,1,457.19,0.05,Pagamento na entrega,2,2.3,434.33,457.19
11380,2025-10-11,1167,Eletrônicos,Oeste,4,490.98,0.17,Pagamento na entrega,1,3.8,1630.05,1963.92
11381,2025-10-12,1641,Eletrônicos,Oeste,1,17.62,0.2,Pagamento na entrega,1,4.6,14.1,17.62
11382,2025-10-13,1595,Eletrônicos,Norte,1,308.22,0.12,Pagamento na entrega,4,4.9,271.23,308.22
11383,2025-10-14,1320,Casa,Oeste,2,427.33,0.29,Carteira digital,8,2.2,606.81,854.66
11384,2025-10-15,1318,Beleza,Sul,4,105.91,0.27,Carteira digital,6,4.8,309.26,423.64
11385,2025-10-16,1612,Eletrônicos,Leste,7,395.13,0.25,Pagamento na entrega,4,3.0,2074.43,2765.91
11386,2025-10-17,1328,Eletrônicos,Leste,1,64.2,0.35,Carteira digital,6,2.2,41.73,64.2
11387,2025-10-18,1784,Beleza,Sul,2,121.08,0.09,Cartão,6,5.0,220.37,242.16
11388,2025-10-19,1776,Beleza,Oeste,3,293.34,0.26,Pagamento na entrega,9,4.5,651.21,880.02
11389,2025-10-20,1970,Roupas,Oeste,2,397.34,0.19,Cartão,4,3.8,643.69,794.68
11390,2025-10-21,1910,Eletrônicos,Leste,5,100.33,0.11,Cartão,6,4.6,446.47,501.65
11391,2025-10-22,1919,Eletrônicos,Oeste,6,123.36,0.06,Pagamento na entrega,10,3.7,695.75,740.16
11392,2025-10-23,1549,Roupas,Leste,2,134.6,0.31,Pagamento na entrega,1,2.8,185.75,269.2
11393,2025-10-24,1418,Roupas,Leste,2,154.64,0.21,Cartão,7,4.8,244.33,309.28
11394,2025-10-25,1605,Eletrônicos,Sul,2,147.53,0.29,Pagamento na entrega,7,4.9,209.49,295.06
11395,2025-10-26,1094,Roupas,Leste,7,246.16,0.19,Pagamento na entrega,11,2.3,1395.73,1723.12
11396,2025-10-27,1816,Eletrônicos,Oeste,1,397.47,0.08,Cartão,1,2.4,365.67,397.47
11397,2025-10-28,1580,Casa,Oeste,7,271.25,0.12,Cartão,8,2.5,1670.9,1898.75
11398,2025-10-29,1317,Eletrônicos,Norte,4,468.94,0.13,Cartão,5,4.3,1631.91,1875.76
11399,2025-10-30,1955,Eletrônicos,Oeste,2,435.77,0.34,Cartão,9,4.2,575.22,871.54
11400,2025-10-31,1235,Roupas,Norte,2,89.02,0.0,Pagamento na entrega,8,4.9,178.04,178.04
11401,2025-11-01,1945,Roupas,Leste,5,43.57,0.34,Cartão,3,2.9,143.78,217.85
11402,2025-11-02,1333,Beleza,Oeste,5,528.6,0.34,Cartão,1,3.9,1744.38,2643.0
11403,2025-11-03,1884,Roupas,Sul,3,61.7,0.35,Pagamento na entrega,3,4.4,120.32,185.10000000000002
11404,2025-11-04,1375,Eletrônicos,Sul,3,101.78,0.17,Pagamento na entrega,2,1.9,253.43,305.34000000000003
11405,2025-11-05,1458,Casa,Sul,5,27.95,0.34,Cartão,2,3.5,92.23,139.75
11406,2025-11-06,1136,Eletrônicos,Leste,4,382.58,0.14,Cartão,11,3.2,1316.08,1530.32
11407,2025-11-07,1929,Beleza,Leste,3,355.69,0.01,Cartão,4,4.0,1056.4,1067.07
11408,2025-11-08,1587,Roupas,Norte,6,592.34,0.08,Pagamento na entrega,2,3.8,3269.72,3554.04
11409,2025-11-09,1994,Roupas,Sul,6,533.86,0.33,Carteira digital,8,4.3,2146.12,3203.16
11410,2025-11-10,1546,Eletrônicos,Norte,4,255.34,0.0,Pagamento na entrega,5,2.2,1021.36,1021.36
11411,2025-11-11,1512,Roupas,Norte,5,232.38,0.19,Cartão,1,1.9,941.14,1161.9
11412,2025-11-12,1295,Casa,Oeste,3,188.66,0.03,Pagamento na entrega,6,4.2,549.0,565.98
11413,2025-11-13,1319,Casa,Oeste,2,104.16,0.1,Cartão,7,2.4,187.49,208.32
11414,2025-11-14,1917,Eletrônicos,Sul,5,95.78,0.03,Cartão,1,2.2,464.53,478.9
11415,2025-11-15,1571,Eletrônicos,Leste,3,92.39,0.3,Cartão,3,2.3,194.02,277.17
11416,2025-11-16,1831,Casa,Oeste,4,81.76,0.21,Pagamento na entrega,9,1.3,258.36,327.04
11417,2025-11-17,1348,Beleza,Leste,6,155.7,0.32,Pagamento na entrega,7,4.1,635.26,934.1999999999999
11418,2025-11-18,1839,Eletrônicos,Norte,4,194.4,0.24,Pagamento na entrega,4,3.9,590.98,777.6
11419,2025-11-19,1778,Roupas,Norte,3,577.52,0.34,Pagamento na entrega,6,3.2,1143.49,1732.56
11420,2025-11-20,1872,Eletrônicos,Norte,4,353.41,0.18,Cartão,6,3.9,1159.18,1413.64
11421,2025-11-21,1228,Beleza,Norte,3,592.74,0.22,Cartão,3,2.5,1387.01,1778.22
11422,2025-11-22,1269,Eletrônicos,Sul,3,232.89,0.2,Pagamento na entrega,2,2.2,558.94,698.67
11423,2025-11-23,1827,Eletrônicos,Norte,4,282.71,0.17,Pagamento na entrega,5,4.4,938.6,1130.84
11424,2025-11-24,1797,Casa,Oeste,1,204.88,0.3,Pagamento na entrega,8,2.7,143.42,204.88
11425,2025-11-25,1290,Eletrônicos,Norte,2,121.99,0.23,Cartão,3,1.8,187.86,243.98
11426,2025-11-26,1724,Roupas,Leste,5,98.75,0.28,Pagamento na entrega,5,4.0,355.5,493.75
11427,2025-11-27,1164,Roupas,Oeste,6,567.87,0.28,Cartão,3,2.3,2453.2,3407.2200000000003
11428,2025-11-28,1004,Eletrônicos,Leste,2,592.28,0.07,Pagamento na entrega,7,1.8,1101.64,1184.56
11429,2025-11-29,1850,Roupas,Leste,5,41.27,0.23,Pagamento na entrega,6,1.1,158.89,206.35000000000002
11430,2025-11-30,1378,Roupas,Sul,5,102.95,0.07,Carteira digital,6,4.9,478.72,514.75
11431,2025-12-01,1077,Eletrônicos,Sul,6,262.76,0.2,Cartão,1,2.9,1261.25,1576.56
11432,2025-12-02,1409,Roupas,Leste,2,124.01,0.24,Pagamento na entrega,2,1.6,188.5,248.02
11433,2025-12-03,1573,Casa,Leste,6,227.87,0.35,Pagamento na entrega,6,4.0,888.69,1367.22
11434,2025-12-04,1131,Casa,Norte,3,90.52,0.01,Cartão,8,4.6,268.84,271.56
11435,2025-12-05,1600,Eletrônicos,Oeste,6,282.06,0.03,Cartão,5,3.1,1641.59,1692.3600000000001
11436,2025-12-06,1748,Eletrônicos,Norte,4,173.94,0.03,Pagamento na entrega,2,1.1,674.89,695.76
11437,2025-12-07,1041,Eletrônicos,Sul,1,220.86,0.14,Cartão,5,2.5,189.94,220.86
11438,2025-12-08,1088,Roupas,Sul,1,70.17,0.29,Cartão,9,2.0,49.82,70.17
11439,2025-12-09,1401,Roupas,Norte,1,265.45,0.3,Carteira digital,6,3.5,185.81,265.45
11440,2025-12-10,1295,Casa,Oeste,2,590.21,0.26,Pagamento na entrega,5,3.1,873.51,1180.42
11441,2025-12-11,1839,Eletrônicos,Leste,2,207.37,0.31,Cartão,10,2.4,286.17,414.74
11442,2025-12-12,1294,Eletrônicos,Norte,3,527.71,0.11,Pagamento na entrega,6,3.6,1408.99,1583.13
11443,2025-12-13,1615,Roupas,Sul,7,508.27,0.03,Pagamento na entrega,11,3.3,3451.15,3557.89
11444,2025-12-14,1525,Casa,Oeste,1,571.95,0.02,Carteira digital,9,4.6,560.51,571.95
11445,2025-12-15,1799,Eletrônicos,Sul,3,477.21,0.3,Pagamento na entrega,7,3.4,1002.14,1431.6299999999999
11446,2025-12-16,1690,Roupas,Oeste,7,400.86,0.26,Carteira digital,10,3.0,2076.45,2806.02
11447,2025-12-17,1636,Eletrônicos,Oeste,1,516.1,0.24,Cartão,3,4.3,392.24,516.1
11448,2025-12-18,1421,Beleza,Oeste,2,59.25,0.12,Pagamento na entrega,10,1.8,104.28,118.5
11449,2025-12-19,1864,Beleza,Norte,7,285.76,0.13,Cartão,10,2.0,1740.28,2000.32
11450,2025-12-20,1022,Eletrônicos,Norte,4,593.71,0.34,Cartão,5,4.1,1567.39,2374.84
11451,2025-12-21,1574,Eletrônicos,Norte,4,465.22,0.02,Pagamento na entrega,4,2.8,1823.66,1860.88
11452,2025-12-22,1142,Roupas,Oeste,4,577.81,0.27,Cartão,11,2.6,1687.21,2311.24
11453,2025-12-23,1992,Eletrônicos,Oeste,6,471.09,0.11,Pagamento na entrega,5,4.5,2515.62,2826.54
11454,2025-12-24,1664,Casa,Sul,4,526.81,0.01,Carteira digital,8,3.4,2086.17,2107.24
11455,2025-12-25,1144,Casa,Leste,5,428.32,0.26,Cartão,11,4.2,1584.78,2141.6
11456,2025-12-26,1224,Casa,Norte,1,459.89,0.12,Cartão,6,4.2,404.7,459.89
11457,2025-12-27,1502,Casa,Oeste,4,321.06,0.25,Pagamento na entrega,4,1.5,963.18,1284.24
11458,2025-12-28,1961,Roupas,Sul,7,555.68,0.25,Carteira digital,5,3.6,2917.32,3889.7599999999998
11459,2025-12-29,1973,Eletrônicos,Sul,5,497.65,0.19,Pagamento na entrega,11,4.8,2015.48,2488.25
11460,2025-12-30,1820,Casa,Sul,5,508.67,0.27,Pagamento na entrega,7,2.9,1856.65,2543.35
11461,2025-12-31,1615,Roupas,Norte,5,408.71,0.2,Cartão,8,3.9,1634.84,2043.55
11462,2026-01-01,1103,Casa,Norte,3,193.18,0.1,Cartão,5,3.3,521.59,579.54
11463,2026-01-02,1946,Eletrônicos,Leste,7,35.84,0.26,Pagamento na entrega,2,1.8,185.65,250.88000000000002
11464,2026-01-03,1038,Eletrônicos,Sul,3,562.36,0.21,Cartão,6,1.8,1332.79,1687.08
11465,2026-01-04,1946,Beleza,Norte,5,357.88,0.0,Carteira digital,9,2.7,1789.4,1789.4
11466,2026-01-05,1197,Eletrônicos,Sul,6,189.41,0.32,Pagamento na entrega,3,2.9,772.79,1136.46
11467,2026-01-06,1645,Beleza,Oeste,4,102.24,0.19,Pagamento na entrega,7,3.0,331.26,408.96
11468,2026-01-07,1578,Beleza,Sul,1,500.27,0.3,Pagamento na entrega,8,4.8,350.19,500.27
11469,2026-01-08,1390,Casa,Leste,7,504.36,0.31,Pagamento na entrega,6,1.4,2436.06,3530.52
11470,2026-01-09,1178,Casa,Norte,6,491.49,0.16,Pagamento na entrega,3,2.5,2477.11,2948.94
11471,2026-01-10,1967,Roupas,Oeste,2,392.37,0.18,Carteira digital,1,3.1,643.49,784.74
11472,2026-01-11,1553,Beleza,Norte,3,229.12,0.15,Carteira digital,3,4.9,584.26,687.36
11473,2026-01-12,1447,Eletrônicos,Oeste,4,192.88,0.16,Carteira digital,11,3.0,648.08,771.52
11474,2026-01-13,1499,Roupas,Sul,4,20.0,0.31,Carteira digital,6,4.1,55.2,80.0
11475,2026-01-14,1014,Roupas,Sul,2,502.66,0.28,Pagamento na entrega,11,4.0,723.83,1005.32
11476,2026-01-15,1622,Roupas,Leste,2,66.15,0.04,Pagamento na entrega,4,3.3,127.01,132.3
11477,2026-01-16,1668,Roupas,Leste,7,383.99,0.21,Cartão,1,1.5,2123.46,2687.9300000000003
11478,2026-01-17,1288,Eletrônicos,Oeste,4,309.88,0.35,Cartão,6,1.9,805.69,1239.52
11479,2026-01-18,1477,Roupas,Leste,2,323.11,0.21,Cartão,1,2.0,510.51,646.22
11480,2026-01-19,1230,Beleza,Leste,4,557.13,0.28,Cartão,8,1.2,1604.53,2228.52
11481,2026-01-20,1922,Eletrônicos,Leste,6,33.49,0.27,Cartão,3,2.5,146.69,200.94
11482,2026-01-21,1419,Beleza,Leste,7,467.43,0.12,Cartão,3,3.4,2879.37,3272.01
11483,2026-01-22,1156,Casa,Sul,2,45.45,0.13,Carteira digital,1,1.6,79.08,90.9
11484,2026-01-23,1549,Casa,Leste,6,37.32,0.25,Carteira digital,3,1.7,167.94,223.92000000000002
11485,2026-01-24,1440,Roupas,Sul,6,266.44,0.17,Cartão,7,3.8,1326.87,1598.6399999999999
11486,2026-01-25,1096,Casa,Sul,2,51.9,0.2,Cartão,10,1.7,83.04,103.8
11487,2026-01-26,1996,Eletrônicos,Norte,7,476.65,0.25,Carteira digital,8,1.5,2502.41,3336.5499999999997
11488,2026-01-27,1410,Casa,Sul,4,324.79,0.27,Carteira digital,11,4.9,948.39,1299.16
11489,2026-01-28,1950,Eletrônicos,Sul,5,31.99,0.1,Carteira digital,8,1.1,143.95,159.95
11490,2026-01-29,1288,Beleza,Leste,4,38.69,0.05,Carteira digital,3,2.3,147.02,154.76
11491,2026-01-30,1253,Beleza,Sul,1,373.41,0.1,Carteira digital,5,1.1,336.07,373.41
11492,2026-01-31,1195,Eletrônicos,Oeste,2,486.58,0.18,Cartão,1,4.4,797.99,973.16
11493,2026-02-01,1597,Eletrônicos,Leste,3,271.11,0.12,Cartão,9,3.3,715.73,813.33
11494,2026-02-02,1833,Casa,Leste,7,339.43,0.2,Pagamento na entrega,8,1.2,1900.81,2376.01
11495,2026-02-03,1521,Eletrônicos,Leste,2,482.9,0.02,Cartão,10,3.5,946.48,965.8
11496,2026-02-04,1516,Beleza,Norte,1,372.15,0.18,Carteira digital,2,1.5,305.16,372.15
11497,2026-02-05,1634,Eletrônicos,Leste,6,146.48,0.13,Pagamento na entrega,10,3.0,764.63,878.8799999999999
11498,2026-02-06,1841,Eletrônicos,Sul,3,373.64,0.19,Pagamento na entrega,1,3.7,907.95,1120.92
11499,2026-02-07,1864,Beleza,Oeste,3,382.54,0.15,Cartão,4,1.6,975.48,1147.6200000000001
11500,2026-02-08,1117,Casa,Leste,4,444.45,0.1,Pagamento na entrega,9,3.0,1600.02,1777.8
11501,2026-02-09,1805,Casa,Leste,5,378.21,0.32,Pagamento na entrega,8,2.8,1285.91,1891.05
11502,2026-02-10,1908,Eletrônicos,Oeste,4,582.01,0.06,Carteira digital,3,4.7,2188.36,2328.04
11503,2026-02-11,1158,Casa,Leste,7,130.41,0.24,Cartão,10,5.0,693.78,912.87
11504,2026-02-12,1814,Roupas,Norte,3,571.39,0.32,Carteira digital,6,3.6,1165.64,1714.17
11505,2026-02-13,1227,Roupas,Sul,3,329.93,0.19,Carteira digital,9,4.4,801.73,989.79
11506,2026-02-14,1876,Casa,Oeste,5,408.09,0.31,Pagamento na entrega,10,3.6,1407.91,2040.4499999999998
11507,2026-02-15,1215,Roupas,Oeste,7,73.19,0.04,Pagamento na entrega,8,4.5,491.84,512.3299999999999
11508,2026-02-16,1947,Roupas,Norte,2,237.64,0.17,Pagamento na entrega,10,2.7,394.48,475.28
11509,2026-02-17,1695,Eletrônicos,Sul,5,465.09,0.16,Cartão,5,3.4,1953.38,2325.45
11510,2026-02-18,1014,Casa,Norte,6,428.54,0.0,Cartão,9,4.4,2571.24,2571.2400000000002
11511,2026-02-19,1156,Eletrônicos,Sul,4,38.48,0.16,Carteira digital,9,4.7,129.29,153.92
11512,2026-02-20,1647,Casa,Norte,2,334.76,0.13,Pagamento na entrega,3,1.1,582.48,669.52
11513,2026-02-21,1260,Eletrônicos,Leste,4,66.64,0.23,Cartão,8,1.4,205.25,266.56
11514,2026-02-22,1156,Roupas,Norte,5,597.58,0.33,Pagamento na entrega,4,4.7,2001.89,2987.9
11515,2026-02-23,1046,Casa,Oeste,2,539.92,0.03,Cartão,10,3.3,1047.44,1079.84
11516,2026-02-24,1323,Eletrônicos,Oeste,5,27.33,0.11,Cartão,7,5.0,121.62,136.64999999999998
11517,2026-02-25,1843,Eletrônicos,Oeste,6,517.31,0.16,Pagamento na entrega,10,4.2,2607.24,3103.8599999999997
11518,2026-02-26,1684,Eletrônicos,Norte,1,552.87,0.16,Cartão,8,4.3,464.41,552.87
11519,2026-02-27,1129,Roupas,Oeste,3,221.83,0.27,Cartão,7,2.5,485.81,665.49
11520,2026-02-28,1410,Casa,Oeste,7,435.91,0.16,Pagamento na entrega,5,2.0,2563.15,3051.3700000000003
11521,2026-03-01,1094,Eletrônicos,Leste,2,273.63,0.01,Pagamento na entrega,11,3.4,541.79,547.26
11522,2026-03-02,1626,Casa,Leste,3,398.31,0.25,Cartão,1,4.5,896.2,1194.93
11523,2026-03-03,1754,Eletrônicos,Sul,1,214.09,0.31,Cartão,8,3.9,147.72,214.09
11524,2026-03-04,1931,Roupas,Sul,2,203.7,0.18,Cartão,5,2.9,334.07,407.4
11525,2026-03-05,1291,Beleza,Sul,3,263.29,0.2,Cartão,3,4.0,631.9,789.8700000000001
11526,2026-03-06,1793,Eletrônicos,Norte,3,100.16,0.06,Cartão,2,3.8,282.45,300.48
11527,2026-03-07,1810,Roupas,Sul,2,501.22,0.08,Cartão,3,4.7,922.24,1002.44
11528,2026-03-08,1282,Eletrônicos,Norte,3,218.99,0.08,Cartão,9,2.1,604.41,656.97
11529,2026-03-09,1068,Eletrônicos,Norte,3,249.09,0.15,Carteira digital,2,1.5,635.18,747.27
11530,2026-03-10,1659,Eletrônicos,Sul,2,538.02,0.32,Cartão,10,2.9,731.71,1076.04
11531,2026-03-11,1010,Eletrônicos,Sul,7,305.52,0.18,Cartão,1,2.4,1753.68,2138.64
11532,2026-03-12,1253,Roupas,Norte,3,333.39,0.07,Cartão,2,4.9,930.16,1000.17
11533,2026-03-13,1841,Roupas,Leste,3,574.55,0.09,Cartão,2,1.0,1568.52,1723.6499999999999
11534,2026-03-14,1871,Roupas,Oeste,7,533.73,0.13,Pagamento na entrega,11,4.7,3250.42,3736.11
11535,2026-03-15,1549,Eletrônicos,Oeste,4,114.14,0.22,Cartão,5,4.8,356.12,456.56
11536,2026-03-16,1133,Eletrônicos,Oeste,6,291.83,0.15,Cartão,1,1.2,1488.33,1750.98
11537,2026-03-17,1711,Casa,Leste,4,583.21,0.14,Cartão,10,4.6,2006.24,2332.84
11538,2026-03-18,1022,Beleza,Norte,1,232.83,0.2,Pagamento na entrega,8,2.9,186.26,232.83
11539,2026-03-19,1814,Eletrônicos,Sul,4,232.37,0.08,Cartão,2,4.1,855.12,929.48
11540,2026-03-20,1345,Beleza,Norte,4,129.09,0.03,Pagamento na entrega,6,1.3,500.87,516.36
11541,2026-03-21,1301,Roupas,Norte,1,81.88,0.01,Cartão,5,4.8,81.06,81.88
11542,2026-03-22,1362,Roupas,Sul,3,448.08,0.09,Cartão,2,3.4,1223.26,1344.24
11543,2026-03-23,1395,Roupas,Leste,3,465.47,0.03,Pagamento na entrega,10,4.6,1354.52,1396.41
11544,2026-03-24,1217,Eletrônicos,Oeste,4,581.87,0.12,Pagamento na entrega,1,3.7,2048.18,2327.48
11545,2026-03-25,1140,Eletrônicos,Oeste,1,467.45,0.27,Pagamento na entrega,6,3.1,341.24,467.45
11546,2026-03-26,1615,Roupas,Norte,3,157.36,0.25,Cartão,6,1.7,354.06,472.08000000000004
11547,2026-03-27,1957,Eletrônicos,Leste,5,38.47,0.21,Pagamento na entrega,3,1.7,151.96,192.35
11548,2026-03-28,1209,Beleza,Oeste,2,591.48,0.3,Cartão,8,2.9,828.07,1182.96
11549,2026-03-29,1984,Roupas,Leste,2,214.16,0.1,Pagamento na entrega,9,4.5,385.49,428.32
11550,2026-03-30,1992,Eletrônicos,Sul,6,197.5,0.31,Pagamento na entrega,3,1.5,817.65,1185.0
11551,2026-03-31,1622,Casa,Norte,2,544.98,0.14,Cartão,9,5.0,937.37,1089.96
11552,2026-04-01,1615,Eletrônicos,Norte,4,357.28,0.14,Pagamento na entrega,8,4.5,1229.04,1429.12
11553,2026-04-02,1827,Roupas,Leste,2,140.7,0.14,Pagamento na entrega,5,2.6,242.0,281.4
11554,2026-04-03,1682,Casa,Oeste,2,535.12,0.03,Cartão,6,2.0,1038.13,1070.24
11555,2026-04-04,1459,Beleza,Leste,5,596.12,0.34,Carteira digital,1,4.7,1967.2,2980.6
11556,2026-04-05,1355,Casa,Sul,3,65.71,0.05,Carteira digital,5,1.5,187.27,197.13
11557,2026-04-06,1323,Casa,Oeste,5,519.42,0.12,Cartão,10,2.4,2285.45,2597.1
11558,2026-04-07,1132,Casa,Oeste,4,243.45,0.11,Carteira digital,10,1.3,866.68,973.8
11559,2026-04-08,1887,Beleza,Leste,2,321.58,0.03,Cartão,7,4.8,623.87,643.16
11560,2026-04-09,1804,Eletrônicos,Sul,7,550.17,0.05,Pagamento na entrega,1,3.5,3658.63,3851.1899999999996
11561,2026-04-10,1839,Eletrônicos,Oeste,3,584.43,0.02,Carteira digital,10,2.3,1718.22,1753.29
11562,2026-04-11,1126,Eletrônicos,Norte,6,168.37,0.1,Pagamento na entrega,9,2.1,909.2,1010.22
11563,2026-04-12,1105,Eletrônicos,Sul,6,139.52,0.3,Cartão,7,2.8,585.98,837.1200000000001
11564,2026-04-13,1603,Casa,Oeste,2,62.1,0.12,Carteira digital,4,1.4,109.3,124.2
11565,2026-04-14,1798,Roupas,Leste,2,343.65,0.04,Cartão,11,4.6,659.81,687.3
11566,2026-04-15,1377,Roupas,Oeste,6,22.96,0.23,Cartão,4,3.0,106.08,137.76
11567,2026-04-16,1904,Eletrônicos,Norte,6,255.96,0.35,Cartão,11,3.9,998.24,1535.76
11568,2026-04-17,1050,Casa,Sul,7,57.93,0.08,Carteira digital,10,1.9,373.07,405.51
11569,2026-04-18,1028,Eletrônicos,Oeste,4,252.06,0.1,Carteira digital,7,3.0,907.42,1008.24
11570,2026-04-19,1461,Casa,Norte,2,38.36,0.34,Cartão,6,1.8,50.64,76.72
11571,2026-04-20,1295,Roupas,Oeste,6,503.6,0.06,Carteira digital,3,4.3,2840.3,3021.6000000000004
11572,2026-04-21,1296,Eletrônicos,Oeste,7,137.7,0.18,Cartão,9,4.1,790.4,963.8999999999999
11573,2026-04-22,1725,Eletrônicos,Sul,1,207.06,0.08,Carteira digital,6,1.6,190.5,207.06
11574,2026-04-23,1778,Eletrônicos,Leste,6,523.98,0.33,Pagamento na entrega,11,1.3,2106.4,3143.88
11575,2026-04-24,1406,Casa,Leste,3,451.57,0.34,Cartão,2,4.3,894.11,1354.71
11576,2026-04-25,1768,Beleza,Norte,3,143.14,0.29,Cartão,10,1.4,304.89,429.41999999999996
11577,2026-04-26,1813,Roupas,Norte,1,57.06,0.11,Cartão,2,3.2,50.78,57.06
11578,2026-04-27,1612,Eletrônicos,Norte,4,433.67,0.14,Cartão,1,3.1,1491.82,1734.68
11579,2026-04-28,1404,Roupas,Sul,2,243.56,0.08,Pagamento na entrega,11,1.8,448.15,487.12
11580,2026-04-29,1345,Casa,Leste,2,463.16,0.31,Cartão,5,3.4,639.16,926.32
11581,2026-04-30,1621,Casa,Norte,6,275.5,0.32,Carteira digital,10,3.0,1124.04,1653.0
11582,2026-05-01,1419,Eletrônicos,Norte,3,217.41,0.15,Pagamento na entrega,6,3.0,554.4,652.23
11583,2026-05-02,1181,Eletrônicos,Oeste,4,278.96,0.23,Pagamento na entrega,3,2.4,859.2,1115.84
11584,2026-05-03,1982,Casa,Oeste,4,452.91,0.06,Cartão,4,4.4,1702.94,1811.64
11585,2026-05-04,1824,Roupas,Norte,4,542.8,0.15,Carteira digital,5,1.3,1845.52,2171.2
11586,2026-05-05,1000,Eletrônicos,Oeste,6,44.11,0.22,Pagamento na entrega,4,2.8,206.43,264.65999999999997
11587,2026-05-06,1830,Eletrônicos,Oeste,2,321.61,0.13,Carteira digital,9,2.0,559.6,643.22
11588,2026-05-07,1949,Roupas,Oeste,4,34.21,0.13,Carteira digital,3,4.4,119.05,136.84
11589,2026-05-08,1566,Beleza,Sul,6,289.02,0.0,Cartão,5,1.9,1734.12,1734.12
11590,2026-05-09,1370,Beleza,Norte,6,532.89,0.28,Cartão,7,4.1,2302.08,3197.34
11591,2026-05-10,1935,Roupas,Norte,1,226.53,0.31,Carteira digital,7,3.4,156.31,226.53
11592,2026-05-11,1910,Roupas,Oeste,5,560.48,0.34,Carteira digital,6,4.5,1849.58,2802.4
11593,2026-05-12,1660,Eletrônicos,Sul,4,383.91,0.25,Pagamento na entrega,9,3.4,1151.73,1535.64
11594,2026-05-13,1430,Roupas,Oeste,5,561.48,0.19,Cartão,7,3.2,2273.99,2807.4
11595,2026-05-14,1968,Roupas,Sul,2,457.94,0.09,Pagamento na entrega,11,4.2,833.45,915.88
11596,2026-05-15,1308,Roupas,Norte,6,75.51,0.35,Cartão,4,3.2,294.49,453.06000000000006
11597,2026-05-16,1136,Roupas,Oeste,7,150.22,0.21,Cartão,11,4.4,830.72,1051.54
11598,2026-05-17,1201,Eletrônicos,Norte,4,245.59,0.24,Pagamento na entrega,10,1.2,746.59,982.36
11599,2026-05-18,1435,Eletrônicos,Sul,7,114.51,0.24,Cartão,9,3.0,609.19,801.57
11600,2026-05-19,1312,Eletrônicos,Leste,3,304.52,0.3,Pagamento na entrega,6,4.3,639.49,913.56
11601,2026-05-20,1116,Eletrônicos,Sul,2,290.75,0.0,Carteira digital,1,4.4,581.5,581.5
11602,2026-05-21,1665,Eletrônicos,Leste,1,574.41,0.08,Carteira digital,9,4.3,528.46,574.41
11603,2026-05-22,1936,Beleza,Norte,1,268.73,0.23,Carteira digital,11,3.4,206.92,268.73
11604,2026-05-23,1802,Roupas,Norte,5,474.59,0.31,Carteira digital,7,5.0,1637.34,2372.95
11605,2026-05-24,1574,Roupas,Oeste,6,566.02,0.24,Cartão,6,1.7,2581.05,3396.12
11606,2026-05-25,1243,Beleza,Leste,5,528.04,0.14,Carteira digital,6,1.7,2270.57,2640.2
11607,2026-05-26,1536,Beleza,Sul,3,137.07,0.13,Carteira digital,4,1.1,357.75,411.21
11608,2026-05-27,1601,Roupas,Norte,3,305.18,0.26,Carteira digital,4,5.0,677.5,915.54
11609,2026-05-28,1074,Casa,Leste,1,218.43,0.26,Pagamento na entrega,11,2.4,161.64,218.43
11610,2026-05-29,1805,Eletrônicos,Sul,7,248.92,0.21,Cartão,3,4.0,1376.53,1742.4399999999998
11611,2026-05-30,1385,Eletrônicos,Leste,4,226.07,0.1,Cartão,8,1.2,813.85,904.28
11612,2026-05-31,1902,Roupas,Sul,1,498.42,0.32,Cartão,8,2.2,338.93,498.42
11613,2026-06-01,1209,Casa,Sul,1,279.5,0.19,Carteira digital,2,3.5,226.4,279.5
11614,2026-06-02,1474,Casa,Sul,7,321.36,0.28,Pagamento na entrega,5,3.1,1619.65,2249.52
11615,2026-06-03,1417,Eletrônicos,Sul,7,589.73,0.08,Carteira digital,9,1.8,3797.86,4128.110000000001
11616,2026-06-04,1346,Eletrônicos,Leste,3,50.09,0.12,Pagamento na entrega,9,2.8,132.24,150.27
11617,2026-06-05,1528,Roupas,Leste,7,300.46,0.31,Pagamento na entrega,7,1.4,1451.22,2103.22
11618,2026-06-06,1639,Eletrônicos,Oeste,5,467.83,0.02,Cartão,4,3.2,2292.37,2339.15
11619,2026-06-07,1938,Roupas,Leste,3,103.43,0.18,Cartão,4,1.4,254.44,310.29
11620,2026-06-08,1954,Casa,Leste,7,372.75,0.17,Cartão,10,3.5,2165.68,2609.25
11621,2026-06-09,1875,Casa,Oeste,6,155.09,0.26,Pagamento na entrega,11,1.6,688.6,930.54
11622,2026-06-10,1762,Casa,Leste,3,522.43,0.1,Cartão,7,3.2,1410.56,1567.29
11623,2026-06-11,1178,Beleza,Sul,3,206.35,0.08,Pagamento na entrega,3,1.5,569.53,619.05
11624,2026-06-12,1181,Roupas,Norte,1,207.5,0.32,Cartão,3,2.6,141.1,207.5
11625,2026-06-13,1663,Casa,Norte,4,364.94,0.2,Carteira digital,5,2.4,1167.81,1459.76
11626,2026-06-14,1024,Roupas,Oeste,1,122.38,0.04,Cartão,11,4.0,117.48,122.38
11627,2026-06-15,1966,Eletrônicos,Leste,2,181.66,0.07,Pagamento na entrega,6,3.6,337.89,363.32
11628,2026-06-16,1179,Eletrônicos,Leste,3,258.73,0.35,Cartão,8,4.7,504.52,776.19
11629,2026-06-17,1709,Eletrônicos,Oeste,7,221.88,0.07,Pagamento na entrega,1,4.7,1444.44,1553.1599999999999
11630,2026-06-18,1500,Roupas,Norte,7,322.05,0.21,Cartão,7,3.9,1780.94,2254.35
11631,2026-06-19,1855,Roupas,Sul,7,365.79,0.15,Pagamento na entrega,8,4.1,2176.45,2560.53
11632,2026-06-20,1160,Casa,Leste,3,346.5,0.31,Carteira digital,5,3.5,717.26,1039.5
11633,2026-06-21,1176,Eletrônicos,Oeste,7,397.69,0.26,Cartão,10,3.8,2060.03,2783.83
11634,2026-06-22,1284,Eletrônicos,Sul,2,195.03,0.21,Cartão,2,3.5,308.15,390.06
11635,2026-06-23,1062,Beleza,Oeste,3,88.96,0.0,Pagamento na entrega,4,2.2,266.88,266.88
11636,2026-06-24,1661,Eletrônicos,Oeste,7,460.07,0.31,Pagamento na entrega,6,2.4,2222.14,3220.49
11637,2026-06-25,1665,Roupas,Oeste,3,512.71,0.16,Cartão,9,3.3,1292.03,1538.13
11638,2026-06-26,1155,Roupas,Norte,6,165.35,0.33,Pagamento na entrega,2,3.9,664.71,992.0999999999999
11639,2026-06-27,1881,Roupas,Norte,3,253.15,0.17,Cartão,4,2.6,630.34,759.45
11640,2026-06-28,1468,Eletrônicos,Oeste,2,306.66,0.24,Cartão,10,1.6,466.12,613.32
11641,2026-06-29,1048,Eletrônicos,Leste,1,327.0,0.02,Cartão,5,2.8,320.46,327.0
11642,2026-06-30,1966,Eletrônicos,Sul,3,400.8,0.26,Carteira digital,8,4.9,889.78,1202.4
11643,2026-07-01,1848,Roupas,Leste,4,39.34,0.12,Pagamento na entrega,8,1.9,138.48,157.36
11644,2026-07-02,1083,Roupas,Norte,2,437.06,0.12,Pagamento na entrega,2,3.6,769.23,874.12
11645,2026-07-03,1360,Eletrônicos,Sul,5,51.25,0.04,Carteira digital,6,4.9,246.0,256.25
11646,2026-07-04,1688,Roupas,Oeste,6,288.95,0.05,Cartão,6,2.5,1647.01,1733.6999999999998
11647,2026-07-05,1147,Casa,Leste,2,499.19,0.07,Pagamento na entrega,5,4.6,928.49,998.38
11648,2026-07-06,1629,Eletrônicos,Leste,1,278.96,0.11,Carteira digital,8,4.5,248.27,278.96
11649,2026-07-07,1341,Roupas,Oeste,7,102.22,0.31,Cartão,10,2.4,493.72,715.54
11650,2026-07-08,1475,Casa,Leste,7,591.24,0.13,Cartão,2,1.4,3600.65,4138.68
11651,2026-07-09,1062,Eletrônicos,Norte,2,535.23,0.25,Carteira digital,2,1.7,802.84,1070.46
11652,2026-07-10,1700,Eletrônicos,Oeste,5,466.22,0.03,Carteira digital,7,2.5,2261.17,2331.1000000000004
11653,2026-07-11,1359,Roupas,Leste,7,255.73,0.21,Cartão,9,4.8,1414.19,1790.11
11654,2026-07-12,1560,Beleza,Oeste,6,122.55,0.17,Cartão,3,2.1,610.3,735.3
11655,2026-07-13,1326,Casa,Sul,4,565.73,0.34,Cartão,7,4.7,1493.53,2262.92
11656,2026-07-14,1768,Roupas,Oeste,5,326.43,0.3,Cartão,3,1.7,1142.5,1632.15
11657,2026-07-15,1735,Casa,Leste,2,513.63,0.16,Cartão,6,4.9,862.9,1027.26
11658,2026-07-16,1140,Roupas,Norte,5,215.13,0.27,Pagamento na entrega,3,2.2,785.22,1075.65
11659,2026-07-17,1989,Roupas,Oeste,7,211.14,0.07,Carteira digital,1,3.5,1374.52,1477.98
11660,2026-07-18,1214,Roupas,Oeste,7,591.54,0.2,Cartão,6,1.3,3312.62,4140.78
11661,2026-07-19,1434,Eletrônicos,Leste,2,320.27,0.03,Carteira digital,11,2.2,621.32,640.54
11662,2026-07-20,1890,Casa,Norte,7,97.31,0.12,Cartão,3,1.8,599.43,681.1700000000001
11663,2026-07-21,1951,Roupas,Norte,7,143.51,0.08,Cartão,1,1.0,924.2,1004.5699999999999
11664,2026-07-22,1722,Roupas,Sul,4,296.94,0.25,Pagamento na entrega,5,1.6,890.82,1187.76
11665,2026-07-23,1317,Beleza,Sul,4,39.85,0.17,Cartão,8,3.4,132.3,159.4
11666,2026-07-24,1031,Eletrônicos,Leste,1,285.58,0.26,Cartão,8,2.6,211.33,285.58
11667,2026-07-25,1669,Eletrônicos,Norte,4,260.08,0.18,Carteira digital,8,3.9,853.06,1040.32
11668,2026-07-26,1284,Eletrônicos,Norte,3,470.91,0.03,Cartão,3,3.7,1370.35,1412.73
11669,2026-07-27,1304,Casa,Sul,5,222.64,0.26,Pagamento na entrega,8,4.2,823.77,1113.1999999999998
11670,2026-07-28,1428,Casa,Sul,5,589.79,0.29,Cartão,4,4.5,2093.75,2948.95
11671,2026-07-29,1476,Eletrônicos,Leste,2,120.75,0.32,Cartão,8,4.3,164.22,241.5
11672,2026-07-30,1285,Casa,Norte,4,360.73,0.2,Pagamento na entrega,3,2.8,1154.34,1442.92
11673,2026-07-31,1143,Roupas,Oeste,1,67.47,0.26,Carteira digital,3,2.2,49.93,67.47
11674,2026-08-01,1423,Casa,Sul,7,444.31,0.26,Cartão,1,3.0,2301.53,3110.17
11675,2026-08-02,1018,Roupas,Leste,1,596.93,0.05,Pagamento na entrega,8,3.1,567.08,596.93
11676,2026-08-03,1017,Roupas,Norte,1,494.2,0.06,Carteira digital,8,2.3,464.55,494.2
11677,2026-08-04,1768,Beleza,Norte,6,340.09,0.02,Pagamento na entrega,9,3.2,1999.73,2040.54
11678,2026-08-05,1589,Eletrônicos,Sul,7,298.57,0.11,Cartão,6,1.4,1860.09,2089.99
11679,2026-08-06,1370,Eletrônicos,Leste,3,503.49,0.17,Pagamento na entrega,2,1.9,1253.69,1510.47
11680,2026-08-07,1174,Roupas,Oeste,4,562.54,0.35,Pagamento na entrega,1,4.0,1462.6,2250.16
11681,2026-08-08,1193,Beleza,Sul,7,593.69,0.15,Pagamento na entrega,8,1.7,3532.46,4155.83
11682,2026-08-09,1501,Roupas,Leste,1,246.98,0.25,Pagamento na entrega,10,1.6,185.24,246.98
11683,2026-08-10,1987,Eletrônicos,Norte,7,594.69,0.24,Cartão,4,2.1,3163.75,4162.83
11684,2026-08-11,1112,Eletrônicos,Oeste,3,106.22,0.07,Pagamento na entrega,11,2.5,296.35,318.65999999999997
11685,2026-08-12,1113,Roupas,Leste,5,163.33,0.02,Pagamento na entrega,11,2.3,800.32,816.6500000000001
11686,2026-08-13,1221,Eletrônicos,Oeste,2,67.07,0.19,Pagamento na entrega,7,2.5,108.65,134.14
11687,2026-08-14,1677,Casa,Leste,4,173.97,0.25,Carteira digital,10,1.6,521.91,695.88
11688,2026-08-15,1946,Beleza,Leste,4,464.24,0.35,Carteira digital,4,1.7,1207.02,1856.96
11689,2026-08-16,1830,Roupas,Leste,6,513.96,0.13,Pagamento na entrega,1,1.9,2682.87,3083.76
11690,2026-08-17,1643,Roupas,Leste,5,470.65,0.31,Pagamento na entrega,8,2.6,1623.74,2353.25
11691,2026-08-18,1896,Roupas,Oeste,4,384.17,0.13,Pagamento na entrega,10,2.3,1336.91,1536.68
11692,2026-08-19,1263,Eletrônicos,Sul,6,315.67,0.24,Pagamento na entrega,9,4.2,1439.46,1894.02
11693,2026-08-20,1924,Beleza,Oeste,6,429.59,0.21,Carteira digital,10,3.1,2036.26,2577.54
11694,2026-08-21,1054,Roupas,Leste,6,243.64,0.02,Pagamento na entrega,9,3.3,1432.6,1461.84
11695,2026-08-22,1870,Roupas,Oeste,4,507.17,0.03,Cartão,9,3.2,1967.82,2028.68
11696,2026-08-23,1642,Casa,Oeste,4,411.16,0.01,Pagamento na entrega,11,2.6,1628.19,1644.64
11697,2026-08-24,1799,Roupas,Oeste,4,423.22,0.13,Pagamento na entrega,11,4.9,1472.81,1692.88
11698,2026-08-25,1777,Roupas,Leste,3,328.52,0.26,Pagamento na entrega,4,1.1,729.31,985.56
11699,2026-08-26,1457,Eletrônicos,Oeste,6,532.86,0.06,Pagamento na entrega,9,1.9,3005.33,3197.16
11700,2026-08-27,1978,Casa,Norte,3,162.43,0.21,Cartão,11,2.1,384.96,487.29
11701,2026-08-28,1877,Beleza,Leste,2,237.97,0.1,Cartão,4,4.5,428.35,475.94
11702,2026-08-29,1161,Roupas,Oeste,4,469.92,0.28,Cartão,2,4.7,1353.37,1879.68
11703,2026-08-30,1379,Beleza,Norte,7,303.26,0.28,Cartão,10,4.4,1528.43,2122.8199999999997
11704,2026-08-31,1992,Eletrônicos,Oeste,5,535.19,0.27,Cartão,3,2.7,1953.44,2675.9500000000003
11705,2026-09-01,1086,Roupas,Sul,1,217.64,0.18,Carteira digital,2,4.7,178.46,217.64
11706,2026-09-02,1054,Roupas,Oeste,2,231.06,0.1,Cartão,1,1.4,415.91,462.12
11707,2026-09-03,1475,Roupas,Oeste,7,534.91,0.28,Carteira digital,11,3.6,2695.95,3744.37
11708,2026-09-04,1799,Roupas,Sul,1,286.66,0.07,Cartão,6,4.7,266.59,286.66
11709,2026-09-05,1177,Eletrônicos,Leste,1,316.93,0.1,Cartão,4,4.0,285.24,316.93
11710,2026-09-06,1390,Eletrônicos,Sul,4,209.67,0.06,Pagamento na entrega,7,2.1,788.36,838.68
11711,2026-09-07,1348,Roupas,Leste,5,176.85,0.24,Cartão,7,3.9,672.03,884.25
11712,2026-09-08,1007,Eletrônicos,Sul,1,398.73,0.24,Carteira digital,10,2.2,303.03,398.73
11713,2026-09-09,1832,Casa,Oeste,6,85.11,0.23,Cartão,1,1.4,393.21,510.65999999999997
11714,2026-09-10,1312,Eletrônicos,Oeste,7,529.37,0.15,Cartão,9,3.9,3149.75,3705.59
11715,2026-09-11,1758,Eletrônicos,Leste,1,470.83,0.04,Carteira digital,8,1.7,452.0,470.83
11716,2026-09-12,1834,Roupas,Leste,2,126.59,0.32,Cartão,10,1.4,172.16,253.18
11717,2026-09-13,1983,Roupas,Norte,5,421.0,0.18,Cartão,1,3.2,1726.1,2105.0
11718,2026-09-14,1982,Beleza,Norte,5,367.54,0.14,Cartão,8,3.5,1580.42,1837.7
11719,2026-09-15,1442,Roupas,Oeste,1,122.95,0.21,Pagamento na entrega,5,1.2,97.13,122.95
11720,2026-09-16,1766,Eletrônicos,Oeste,5,174.82,0.07,Cartão,1,1.0,812.91,874.0999999999999
11721,2026-09-17,1327,Casa,Norte,2,254.26,0.05,Pagamento na entrega,4,4.5,483.09,508.52
11722,2026-09-18,1053,Roupas,Norte,7,424.06,0.14,Carteira digital,7,1.5,2552.84,2968.42
11723,2026-09-19,1760,Eletrônicos,Leste,2,388.65,0.08,Carteira digital,5,3.3,715.12,777.3
11724,2026-09-20,1238,Roupas,Sul,2,326.36,0.09,Cartão,11,4.8,593.98,652.72
11725,2026-09-21,1228,Beleza,Leste,6,464.52,0.31,Cartão,3,3.0,1923.11,2787.12
11726,2026-09-22,1578,Roupas,Norte,4,458.39,0.19,Cartão,11,1.6,1485.18,1833.56
11727,2026-09-23,1050,Eletrônicos,Oeste,1,376.45,0.17,Pagamento na entrega,4,2.6,312.45,376.45
11728,2026-09-24,1608,Eletrônicos,Norte,7,475.39,0.24,Cartão,2,3.5,2529.07,3327.73
11729,2026-09-25,1603,Eletrônicos,Oeste,5,210.54,0.33,Carteira digital,8,4.1,705.31,1052.7
11730,2026-09-26,1263,Roupas,Oeste,2,530.53,0.04,Pagamento na entrega,2,3.4,1018.62,1061.06
11731,2026-09-27,1417,Roupas,Oeste,1,374.72,0.29,Cartão,11,1.1,266.05,374.72
11732,2026-09-28,1802,Eletrônicos,Oeste,7,496.08,0.2,Pagamento na entrega,6,1.6,2778.05,3472.56
11733,2026-09-29,1095,Beleza,Sul,7,334.57,0.05,Cartão,7,2.5,2224.89,2341.99
11734,2026-09-30,1087,Casa,Norte,1,142.79,0.1,Cartão,7,3.8,128.51,142.79
11735,2026-10-01,1077,Roupas,Leste,4,332.31,0.17,Cartão,1,3.3,1103.27,1329.24
11736,2026-10-02,1287,Casa,Oeste,6,232.1,0.24,Cartão,8,1.2,1058.38,1392.6
11737,2026-10-03,1119,Eletrônicos,Oeste,5,423.04,0.08,Pagamento na entrega,9,4.2,1945.98,2115.2000000000003
11738,2026-10-04,1813,Roupas,Leste,6,293.34,0.19,Pagamento na entrega,7,3.4,1425.63,1760.04
11739,2026-10-05,1490,Roupas,Leste,7,504.13,0.24,Cartão,8,4.5,2681.97,3528.91
11740,2026-10-06,1911,Casa,Oeste,5,411.67,0.16,Carteira digital,4,2.7,1729.01,2058.35
11741,2026-10-07,1451,Casa,Leste,7,415.46,0.3,Cartão,8,3.0,2035.75,2908.22
11742,2026-10-08,1499,Eletrônicos,Leste,2,142.04,0.3,Cartão,3,2.6,198.86,284.08
11743,2026-10-09,1164,Beleza,Sul,2,590.79,0.16,Cartão,1,3.9,992.53,1181.58
11744,2026-10-10,1181,Eletrônicos,Leste,1,507.38,0.34,Pagamento na entrega,8,4.0,334.87,507.38
11745,2026-10-11,1468,Beleza,Norte,5,476.57,0.03,Carteira digital,11,3.9,2311.36,2382.85
11746,2026-10-12,1909,Beleza,Norte,5,208.18,0.0,Pagamento na entrega,6,2.2,1040.9,1040.9
11747,2026-10-13,1734,Eletrônicos,Norte,7,328.34,0.13,Carteira digital,9,3.5,1999.59,2298.3799999999997
11748,2026-10-14,1822,Casa,Oeste,6,95.21,0.21,Cartão,3,2.4,451.3,571.26
11749,2026-10-15,1943,Eletrônicos,Norte,2,330.01,0.22,Cartão,8,4.3,514.82,660.02
11750,2026-10-16,1977,Roupas,Sul,3,100.35,0.17,Pagamento na entrega,9,1.2,249.87,301.04999999999995
11751,2026-10-17,1006,Roupas,Norte,1,338.53,0.04,Pagamento na entrega,9,1.2,324.99,338.53
11752,2026-10-18,1329,Roupas,Oeste,5,394.5,0.06,Cartão,7,1.4,1854.15,1972.5
11753,2026-10-19,1774,Beleza,Sul,4,243.26,0.3,Carteira digital,11,1.8,681.13,973.04
11754,2026-10-20,1672,Casa,Norte,4,306.65,0.3,Cartão,10,1.2,858.62,1226.6
11755,2026-10-21,1150,Roupas,Sul,3,527.26,0.24,Cartão,3,1.3,1202.15,1581.78
11756,2026-10-22,1084,Casa,Sul,2,78.51,0.23,Pagamento na entrega,3,2.2,120.91,157.02
11757,2026-10-23,1146,Beleza,Oeste,2,478.16,0.21,Pagamento na entrega,2,1.4,755.49,956.32
11758,2026-10-24,1623,Eletrônicos,Oeste,2,114.89,0.07,Cartão,1,4.2,213.7,229.78
11759,2026-10-25,1380,Beleza,Sul,6,36.47,0.15,Cartão,2,1.2,186.0,218.82
11760,2026-10-26,1914,Eletrônicos,Norte,7,123.56,0.24,Pagamento na entrega,5,4.6,657.34,864.9200000000001
11761,2026-10-27,1547,Casa,Oeste,4,462.55,0.19,Pagamento na entrega,1,4.5,1498.66,1850.2
11762,2026-10-28,1284,Eletrônicos,Sul,2,252.0,0.01,Pagamento na entrega,10,1.8,498.96,504.0
11763,2026-10-29,1699,Eletrônicos,Leste,4,525.42,0.33,Pagamento na entrega,4,1.3,1408.13,2101.68
11764,2026-10-30,1081,Roupas,Leste,3,321.95,0.3,Cartão,11,1.4,676.09,965.8499999999999
11765,2026-10-31,1513,Roupas,Oeste,1,28.02,0.09,Carteira digital,10,3.2,25.5,28.02
11766,2026-11-01,1896,Roupas,Norte,7,434.28,0.22,Carteira digital,10,3.4,2371.17,3039.96
11767,2026-11-02,1814,Eletrônicos,Leste,6,79.49,0.32,Cartão,1,2.3,324.32,476.93999999999994
11768,2026-11-03,1708,Roupas,Leste,5,476.79,0.03,Cartão,10,2.2,2312.43,2383.9500000000003
11769,2026-11-04,1915,Beleza,Leste,3,113.34,0.18,Cartão,8,3.1,278.82,340.02
11770,2026-11-05,1522,Roupas,Norte,7,217.09,0.16,Pagamento na entrega,5,2.2,1276.49,1519.63
11771,2026-11-06,1745,Eletrônicos,Norte,4,460.34,0.14,Carteira digital,10,4.7,1583.57,1841.36
11772,2026-11-07,1385,Roupas,Oeste,3,573.23,0.29,Pagamento na entrega,4,2.5,1220.98,1719.69
11773,2026-11-08,1706,Eletrônicos,Oeste,5,232.29,0.13,Carteira digital,3,1.9,1010.46,1161.45
11774,2026-11-09,1470,Casa,Leste,7,500.2,0.02,Cartão,9,1.6,3431.37,3501.4
11775,2026-11-10,1118,Casa,Norte,6,126.61,0.02,Pagamento na entrega,6,3.5,744.47,759.66
11776,2026-11-11,1395,Roupas,Sul,1,487.2,0.01,Cartão,1,2.3,482.33,487.2
11777,2026-11-12,1531,Roupas,Leste,5,399.63,0.14,Cartão,8,1.8,1718.41,1998.15
11778,2026-11-13,1260,Casa,Oeste,7,127.75,0.25,Pagamento na entrega,10,2.1,670.69,894.25
11779,2026-11-14,1804,Roupas,Norte,6,191.96,0.07,Cartão,2,2.2,1071.14,1151.76
11780,2026-11-15,1933,Casa,Oeste,4,92.09,0.23,Pagamento na entrega,9,3.5,283.64,368.36
11781,2026-11-16,1255,Roupas,Oeste,5,239.04,0.24,Pagamento na entrega,11,1.7,908.35,1195.2
11782,2026-11-17,1733,Casa,Norte,3,134.13,0.09,Carteira digital,7,3.9,366.17,402.39
11783,2026-11-18,1904,Roupas,Leste,2,391.74,0.21,Cartão,3,2.2,618.95,783.48
11784,2026-11-19,1225,Roupas,Norte,3,596.79,0.24,Pagamento na entrega,4,3.0,1360.68,1790.37
11785,2026-11-20,1052,Beleza,Leste,4,22.03,0.16,Carteira digital,3,3.6,74.02,88.12
11786,2026-11-21,1939,Roupas,Oeste,7,331.44,0.12,Carteira digital,6,3.2,2041.67,2320.08
11787,2026-11-22,1866,Roupas,Norte,1,350.59,0.22,Pagamento na entrega,9,3.6,273.46,350.59
11788,2026-11-23,1499,Eletrônicos,Sul,5,549.81,0.34,Pagamento na entrega,10,2.3,1814.37,2749.0499999999997
11789,2026-11-24,1505,Roupas,Leste,7,311.01,0.15,Cartão,9,4.9,1850.51,2177.0699999999997
11790,2026-11-25,1853,Roupas,Sul,1,333.07,0.14,Pagamento na entrega,1,2.8,286.44,333.07
11791,2026-11-26,1363,Eletrônicos,Leste,4,290.92,0.16,Pagamento na entrega,10,2.3,977.49,1163.68
11792,2026-11-27,1279,Eletrônicos,Norte,5,172.31,0.03,Pagamento na entrega,6,2.2,835.7,861.55
11793,2026-11-28,1592,Roupas,Sul,6,47.78,0.19,Pagamento na entrega,1,1.2,232.21,286.68
11794,2026-11-29,1713,Casa,Norte,6,254.06,0.12,Cartão,11,3.7,1341.44,1524.3600000000001
11795,2026-11-30,1157,Roupas,Leste,7,45.77,0.04,Cartão,4,2.1,307.57,320.39000000000004
11796,2026-12-01,1631,Eletrônicos,Leste,3,337.04,0.16,Pagamento na entrega,7,4.8,849.34,1011.1200000000001
11797,2026-12-02,1058,Casa,Leste,7,194.77,0.0,Cartão,4,1.8,1363.39,1363.39
11798,2026-12-03,1726,Eletrônicos,Leste,3,327.16,0.14,Cartão,9,3.1,844.07,981.48
11799,2026-12-04,1127,Roupas,Oeste,4,93.56,0.04,Cartão,10,3.9,359.27,374.24
11800,2026-12-05,1735,Eletrônicos,Leste,6,560.59,0.01,Cartão,5,4.5,3329.9,3363.54
11801,2026-12-06,1720,Eletrônicos,Sul,5,538.29,0.29,Carteira digital,9,1.6,1910.93,2691.45
11802,2026-12-07,1881,Eletrônicos,Leste,6,126.15,0.32,Pagamento na entrega,1,4.9,514.69,756.9000000000001
11803,2026-12-08,1114,Roupas,Norte,3,215.91,0.07,Cartão,4,4.6,602.39,647.73
11804,2026-12-09,1208,Eletrônicos,Oeste,7,373.89,0.19,Pagamento na entrega,7,4.9,2119.96,2617.23
11805,2026-12-10,1525,Roupas,Sul,4,70.98,0.1,Cartão,2,4.4,255.53,283.92
11806,2026-12-11,1520,Roupas,Oeste,6,222.42,0.17,Pagamento na entrega,9,4.5,1107.65,1334.52
11807,2026-12-12,1551,Roupas,Oeste,4,161.9,0.15,Cartão,3,3.4,550.46,647.6
11808,2026-12-13,1961,Roupas,Oeste,6,550.58,0.09,Carteira digital,4,4.4,3006.17,3303.4800000000005
11809,2026-12-14,1236,Casa,Norte,7,513.72,0.25,Cartão,4,3.1,2697.03,3596.04
11810,2026-12-15,1280,Eletrônicos,Oeste,1,354.2,0.04,Pagamento na entrega,8,3.2,340.03,354.2
11811,2026-12-16,1358,Roupas,Oeste,7,319.4,0.02,Carteira digital,2,3.3,2191.08,2235.7999999999997
11812,2026-12-17,1200,Eletrônicos,Leste,6,559.47,0.27,Carteira digital,5,5.0,2450.48,3356.82
11813,2026-12-18,1757,Eletrônicos,Norte,3,560.47,0.23,Cartão,2,1.4,1294.69,1681.41
11814,2026-12-19,1277,Roupas,Sul,7,582.06,0.17,Pagamento na entrega,6,4.2,3381.77,4074.4199999999996
11815,2026-12-20,1234,Roupas,Sul,5,88.35,0.16,Cartão,9,2.1,371.07,441.75
11816,2026-12-21,1493,Beleza,Sul,3,108.93,0.17,Pagamento na entrega,9,2.4,271.24,326.79
11817,2026-12-22,1003,Roupas,Norte,3,410.89,0.15,Cartão,1,1.3,1047.77,1232.67
11818,2026-12-23,1665,Beleza,Sul,3,331.74,0.14,Carteira digital,4,2.4,855.89,995.22
11819,2026-12-24,1441,Eletrônicos,Norte,4,25.8,0.17,Cartão,4,5.0,85.66,103.2
11820,2026-12-25,1028,Eletrônicos,Leste,2,51.26,0.18,Pagamento na entrega,1,2.6,84.07,102.52
11821,2026-12-26,1108,Eletrônicos,Leste,2,534.53,0.24,Pagamento na entrega,10,3.7,812.49,1069.06
11822,2026-12-27,1609,Eletrônicos,Norte,1,523.29,0.25,Carteira digital,2,1.5,392.47,523.29
11823,2026-12-28,1726,Roupas,Sul,3,224.0,0.13,Pagamento na entrega,6,4.7,584.64,672.0
11824,2026-12-29,1804,Roupas,Norte,2,536.26,0.14,Cartão,10,4.3,922.37,1072.52
11825,2026-12-30,1074,Eletrônicos,Norte,1,362.3,0.13,Cartão,3,2.5,315.2,362.3
11826,2026-12-31,1837,Beleza,Oeste,4,486.45,0.19,Cartão,9,2.4,1576.1,1945.8
